0.05.06.13,1582,5.35450977117,5.82036068173,6.04068357999,2.36985074627,3.26551724138,7.54526760563,6.75352524358,1.46231070402,1.4378862069,1.40237420977,1.32875998563,1.72602320402,2.00321465517
1.05.06.13,1315,5.36776464068,5.83695951766,6.03100144092,2.33071428571,3.34585454545,7.47588785047,6.69444743935,1.48032862509,1.44942103681,1.41450916604,1.34490435763,1.71751051841,1.96787881292
2.05.06.13,1057,5.35593843844,5.77115083799,5.94289272031,2.24090909091,3.14461883408,7.51957446809,6.70295980512,1.46439978881,1.44529028511,1.40038627244,1.33004097149,1.68115269271,1.92836779303
3.05.06.13,981,5.37771891298,5.84076154806,6.04658110883,2.22474576271,3.04512195122,7.47369565217,6.65428395062,1.48759302326,1.46480391677,1.41728592411,1.343124847,1.70073170135,1.92006597307
4.05.06.13,993,5.50438670695,6.03326268465,6.35051172708,2.23896551724,3.17881818182,7.65625468165,6.77187198068,1.41038718245,1.41607355658,1.36966362587,1.31090508083,1.66553960739,2.06883752887
5.05.06.13,1873,5.53780464971,6.07958130477,6.44202762431,2.22731707317,3.16842105263,7.38521256932,6.70165175909,1.43928323991,1.40664007848,1.38583374439,1.31394360987,1.70334938341,2.05141188341
6.05.06.13,1432,5.33005759539,5.7452370452,5.92156756757,2.07984375,3.14357758621,7.46624,6.65561503417,1.46946820988,1.45509166667,1.42037283951,1.34980895062,1.68653271605,1.92377407407
7.05.06.13,1606,5.36667317454,5.86907778295,6.12476772616,2.33176470588,3.26596059113,7.49572368421,6.69150390625,1.45050555081,1.4208469684,1.39039427839,1.33327847993,1.69484064902,1.96627275833
8.05.06.13,2179,5.3513415488,5.84577144795,6.07497621879,2.25444444444,3.19865384615,7.55131707317,6.73002189781,1.44047326675,1.43400634548,1.39605875441,1.33737984724,1.68864212691,2.00257150411
9.05.06.13,2636,5.28858884796,5.70622069397,5.83307608696,2.19068493151,3.08681818182,7.49031884058,6.64034458509,1.44164951654,1.4215540458,1.38472203562,1.32419628499,1.69100478372,1.97301022901
10.05.06.13,2679,5.26504948105,5.66885507683,5.77214323053,2.12374269006,3.03637931034,7.4550997151,6.64819185645,1.4659596023,1.433003663,1.40566012559,1.3433466248,1.70295405547,1.95446828885
11.05.06.13,2593,5.30972097302,5.74054549902,5.90896290051,2.26158536585,3.13969758065,7.52380846325,6.64113539446,1.45868887429,1.42515129216,1.39839973719,1.34753166886,1.70510166448,1.95767424442
12.05.06.13,2860,5.30241293532,5.72084850038,5.86604013705,2.16968553459,3.08038543897,7.51788732394,6.69148477157,1.4800135208,1.43997588598,1.39906602465,1.34533736518,1.70225843606,1.95462107088
13.05.06.13,2735,5.27521593674,5.65304347826,5.75002512563,2.36442708333,3.18435643564,7.53407310705,6.62252525253,1.50081395552,1.46133340602,1.43107544701,1.36808905364,1.71548748365,1.90486951592
14.05.06.13,2887,5.2817642813,5.68036471168,5.80339461308,2.27204188482,3.11291208791,7.416882494,6.62269380926,1.48158112724,1.44942335611,1.41535017079,1.34866861657,1.70585456874,1.90938035867
15.05.06.13,2989,5.20698526443,5.57532060027,5.64337411765,2.2081042654,3.09030150754,7.5163372093,6.64087696335,1.46694084746,1.44621652542,1.40624241525,1.3362754661,1.70633360169,1.91065025424
16.05.06.13,3145,5.34451422875,5.77877050841,6.03818216756,2.26983193277,3.23037037037,7.58277078086,6.63957536164,1.47387859341,1.44765749451,1.40772518681,1.33344228571,1.69554184615,1.90643982418
17.05.06.13,2914,5.35254488754,5.76349263965,5.94614008375,2.16443661972,3.18038610039,7.51359375,6.62544807966,1.47929467085,1.4483651142,1.40436278549,1.33103403493,1.68749932826,1.90496596507
18.05.06.13,2540,5.25418260676,5.66780168654,5.79374934176,2.19218309859,3.16306695464,7.47852601156,6.64194289694,1.4704703271,1.4329553271,1.40362443925,1.34147588785,1.70616359813,1.93168228972
19.05.06.13,2920,5.31256938937,5.79252334371,5.96893846707,2.16722222222,3.32816793893,7.41422131148,6.58258093126,1.41367221648,1.3920054464,1.37907111341,1.30270089624,1.67011013444,1.97069389866
20.05.06.13,3249,5.32929872365,5.77147063888,5.92505349794,2.37633587786,3.40779516358,7.34208258528,6.52656016315,1.4329213512,1.40272434436,1.40882978905,1.32445005701,1.69217978905,1.98407765108
21.05.06.13,3657,5.32157442694,5.77152122805,5.9425399361,2.39726708075,3.39555420219,7.43536776213,6.5297556866,1.42615648661,1.40147301477,1.40827453832,1.32560754848,1.69079836103,1.98325387812
22.05.06.13,3817,5.34362177173,5.77657532484,5.92361602387,2.36178378378,3.38298342541,7.38895522388,6.53060454065,1.4175030832,1.39035046475,1.39965130356,1.31960394468,1.67673568352,1.98659505781
23.05.06.13,3278,5.36526215619,5.77234704782,5.91297464168,2.32193370166,3.35267558528,7.3935501355,6.54425233645,1.41976299593,1.39816322482,1.40115846897,1.32190155137,1.691224059,2.01433496948
0.03.06.13,1590,5.27232550279,5.67249481112,5.8066203365,2.33383333333,3.13129310345,7.55315068493,6.7202747792,1.50810552834,1.47614436669,1.44245171449,1.35694478656,1.71622778167,1.90413617915
1.03.06.13,1406,5.33787640902,5.7425419121,5.91396634615,2.28953488372,3.12191570881,7.50606299213,6.65228976697,1.4725793559,1.43976333609,1.40959810074,1.33830371594,1.71606639141,1.96914186623
2.03.06.13,1049,5.32886273398,5.75649429147,5.91100478469,2.13466666667,3.22852459016,7.41371428571,6.66275650842,1.44836372093,1.42382267442,1.37548186047,1.31728406977,1.69148104651,1.92675430233
3.03.06.13,1158,5.43085653673,5.9368405094,6.17081053698,2.29275,3.23563291139,7.54614754098,6.7302291918,1.4399839779,1.4293439779,1.38174441989,1.30941911602,1.6966961326,1.94192972376
4.03.06.13,1201,5.32203578762,5.79702191988,6.04409972299,2.34244897959,3.11244444444,7.51526627219,6.71833049404,1.47650059172,1.43493692308,1.39562568047,1.33935301775,1.69633420118,1.93585159763
5.03.06.13,1565,5.36292735043,5.91799626633,6.21912543153,2.11631578947,3.04345794393,7.45919191919,6.66505249344,1.48308923395,1.45733995859,1.37451511387,1.30843592133,1.70825952381,1.86638395445
6.03.06.13,1643,5.34726351351,5.87094712377,6.12591476091,2.24974358974,3.23013422819,7.46028571429,6.6566297663,1.48336448942,1.44950791168,1.40498114075,1.33912962282,1.71888610856,1.9292924563
7.03.06.13,1741,5.3427854351,5.83308088614,6.04787477954,2.38163265306,3.2796728972,7.47707509881,6.6917826087,1.47365043253,1.44135043253,1.40055155709,1.34108607266,1.70552906574,1.91827967128
8.03.06.13,2217,5.28173483071,5.75604120018,5.95588421887,2.19423076923,3.17349264706,7.40723684211,6.72111223458,1.47246377585,1.44812434957,1.39930767178,1.34237578386,1.69420833889,1.87609899933
9.03.06.13,3297,5.36229612267,5.84080861909,6.10250693802,2.22686868687,3.22565789474,7.37274914089,6.71597643098,1.48573415568,1.45856014462,1.40682462782,1.33822122501,1.72927868992,1.92677681838
10.03.06.13,2756,5.33793800372,5.81485919712,6.03531699521,2.24404494382,3.22550684932,7.49475877193,6.71361111111,1.48721364149,1.45476832018,1.41363404735,1.338510823,1.71716459977,1.93523139797
11.03.06.13,2598,5.30315300482,5.75578793204,5.91333502538,2.2740625,3.26680898876,7.41166287016,6.6856,1.47056878307,1.45222978836,1.40895037037,1.33924439153,1.70972724868,1.94198936508
12.03.06.13,2858,5.27330468993,5.70311850866,5.86153153153,2.45570512821,3.22016,7.47936739659,6.62937209302,1.46157895189,1.43254506014,1.40747852234,1.32968651203,1.70219858247,1.90626275773
13.03.06.13,2723,5.30312750412,5.76907778433,5.9609181012,2.29176470588,3.28836317136,7.43577395577,6.64569462647,1.46259780335,1.43106354603,1.41093593096,1.34257792887,1.70630983264,1.96505700837
14.03.06.13,2507,5.26916853667,5.71298202863,5.87479474548,2.2467,3.25666666667,7.4734421365,6.62046413502,1.46210716087,1.42825693394,1.4124276349,1.33214059506,1.69212652547,1.94381659102
15.03.06.13,2810,5.26286329726,5.69776086355,5.83151590457,2.31327272727,3.27638253638,7.48044198895,6.63427171783,1.49228506787,1.46263977376,1.4279960181,1.34363945701,1.69736312217,1.88459334842
16.03.06.13,687,5.27191560866,5.68454285714,5.81578595318,2.14428571429,3.12416666667,7.46291970803,6.6695154185,1.49262165289,1.45870859504,1.43082694215,1.34774876033,1.72267008264,1.92233834711
17.03.06.13,2590,5.23057071396,5.71613770492,5.89061439438,2.31329411765,3.26712365591,7.4524375,6.62056095737,1.48151333333,1.44668755906,1.4095960105,1.33444304462,1.69810808399,1.88851186352
18.03.06.13,2899,5.25368936996,5.67015473381,5.77660784314,2.38710280374,3.31491295938,7.4234,6.61225869993,1.49987583488,1.45880134508,1.42089369202,1.33551753247,1.70074689239,1.87245264378
19.03.06.13,2461,5.26351803512,5.70747742136,5.87159779614,2.29223404255,3.30307692308,7.48671554252,6.69846321923,1.48796537426,1.45529542272,1.4196993538,1.33608373721,1.70625589661,1.9100917609
20.03.06.13,2424,5.2119367635,5.60859014348,5.73295342466,2.444,3.32033333333,7.42342618384,6.66864638783,1.51791809571,1.48321206381,1.44419102692,1.34361370887,1.71337188435,1.89295443669
21.03.06.13,2445,5.21669591269,5.61638419697,5.73687213449,2.33124087591,3.22479768786,7.41677419355,6.63975761773,1.50960298302,1.47294786599,1.43945080312,1.34572620468,1.70922638825,1.89938577329
22.03.06.13,2455,5.24177779967,5.5988752072,5.74395267309,2.41821656051,3.25148086522,7.48203473945,6.6350743605,1.54664532343,1.50513548951,1.46089340035,1.35065895979,1.72493548951,1.91330122378
23.03.06.13,2100,5.28624215355,5.71901404151,5.87173096976,2.38865979381,3.28604444444,7.47119170984,6.66434604905,1.49846845459,1.46755947955,1.42614391928,1.33969298991,1.70776999469,1.91198162507
0.07.06.13,3470,5.36914700098,5.71741592382,5.83705568829,2.46221574344,3.28114808652,7.38718716578,6.56180231187,1.4284520701,1.41015728368,1.40608276013,1.32843706462,1.69629036145,1.99897152245
1.07.06.13,2645,5.39501894821,5.78443089431,5.94842939844,2.44315533981,3.27449860724,7.39597982709,6.53825499232,1.43270289855,1.40651071327,1.38962867292,1.34017857346,1.69721531685,2.02101992043
2.07.06.13,2229,5.39058084772,5.75582165605,5.91976824034,2.33054455446,3.21297744361,7.37820770519,6.55581625442,1.43634863774,1.40587756475,1.40333491423,1.33563878237,1.70281755802,2.01062408342
3.07.06.13,1897,5.41176164184,5.80352043011,6.00325009754,2.27709923664,3.21836689038,7.37368312757,6.59155009452,1.42459895981,1.39930832151,1.39404420804,1.33173735225,1.70636851064,2.03425361702
4.07.06.13,2125,5.39858655716,5.83729904306,6.03834046193,2.24623931624,3.19155940594,7.4005313093,6.63301447777,1.42602631831,1.39852229147,1.3885168744,1.33383446788,1.69549841802,1.97498274209
5.07.06.13,2008,5.40589171605,5.84311754252,6.07883341111,2.19170212766,3.22514204545,7.42360078278,6.63969290899,1.43465501783,1.41122215996,1.38748369842,1.3318538971,1.69541854305,1.97225374427
6.07.06.13,2441,5.3958719417,5.79839811115,5.96634959852,2.57110539846,3.02097058824,7.62661672909,6.74932759969,1.43804116645,1.41910153257,1.38187845892,1.31402609621,1.69978693061,1.95399612601
7.07.06.13,3361,5.38605634579,5.76022440235,5.88044776119,2.58683894231,2.9328785489,7.70466415094,6.77910555422,1.45773883682,1.43755862734,1.39337464168,1.31956515987,1.71294663727,1.92653164278
8.07.06.13,3507,5.35101115449,5.73253964352,5.88402866242,2.36145390071,3.20305274972,7.38712722298,6.56555492154,1.41563504509,1.39629398798,1.3907245491,1.32605986974,1.68508832665,1.97949473948
9.07.06.13,3999,5.3524752384,5.7362934947,5.8842898656,2.30951515152,3.2185753176,7.39973799127,6.55132379655,1.42600520492,1.40298780738,1.39866411885,1.33270971311,1.69612317623,1.99235893443
10.07.06.13,4385,5.3629713457,5.73656136427,5.8861197872,2.39607784431,3.25883682008,7.42096707819,6.56392702936,1.41277562572,1.39732100501,1.39223024644,1.32512862919,1.68626682711,1.99256834809
11.07.06.13,4308,5.38471821756,5.76975654235,5.92595776772,2.3798265896,3.24443027211,7.45550669216,6.58416614486,1.42846880093,1.40681707412,1.40175733411,1.33515050446,1.69535180442,2.00653244082
12.07.06.13,4659,5.37218123996,5.72105309258,5.85724324324,2.30350912779,3.2084629862,7.37976497346,6.56199298948,1.41950679477,1.39289318985,1.40467520369,1.33780121445,1.69411014604,2.01900570331
13.07.06.13,4641,5.34051673409,5.67334482494,5.75132680723,2.3445410628,3.25253804017,7.38465364121,6.57292175305,1.429588109,1.40965907514,1.40367555739,1.33076180017,1.69575651528,1.99424125516
14.07.06.13,4618,5.34451843741,5.69361145498,5.80544262295,2.36928191489,3.23667368421,7.37529470529,6.54048192771,1.44460380039,1.42244654591,1.42052759723,1.33926972119,1.70974894335,2.00104819748
15.07.06.13,4203,5.35476074615,5.7315542835,5.87755116697,2.39342105263,3.24789145907,7.39314619883,6.5423594242,1.42269170673,1.39854104567,1.3946474359,1.32660588942,1.70062936699,2.01109759615
16.07.06.13,4094,5.3432568581,5.70558364939,5.86575804277,2.35989932886,3.26065647482,7.425606596,6.57594998774,1.4309267679,1.40302555315,1.40286336226,1.34039475054,1.71010119306,2.02336798265
17.07.06.13,3863,5.33572176006,5.69918992204,5.81871049305,2.32239583333,3.2275754717,7.41690666667,6.56385512751,1.43293753508,1.40243119738,1.40468566417,1.32973136109,1.7041652479,1.9915717493
18.07.06.13,3765,5.32836798337,5.72304561059,5.87266426643,2.385078125,3.25805938494,7.41202631579,6.57691231077,1.44493986321,1.41333536883,1.40906819736,1.32828761602,1.70022381534,1.96455363947
19.07.06.13,3576,5.32131715192,5.69453382992,5.8119513842,2.40803418803,3.31602478551,7.42084210526,6.58337949322,1.4384455774,1.41355523342,1.40471405405,1.32656415233,1.70430805897,1.99674289926
20.07.06.13,3187,5.29091504468,5.6566941093,5.77079011675,2.28158798283,3.26267916207,7.42554662379,6.5902629683,1.45081876795,1.4170623858,1.41207300966,1.33824374837,1.70133985904,1.96790216654
21.07.06.13,3161,5.28504365824,5.64279215921,5.73289919467,2.32751937984,3.22366150442,7.40849829352,6.57396366333,1.45979246595,1.42982547088,1.42183830774,1.33742535497,1.69411596639,1.95295450594
22.07.06.13,3347,5.30392349097,5.68212527964,5.79403203147,2.35265700483,3.2719474313,7.40616071429,6.56955914769,1.46870758017,1.43555862709,1.42350447919,1.34340781871,1.70981526637,1.9596393851
23.07.06.13,2721,5.29074205225,5.65922353375,5.76659231297,2.29884393064,3.26811079545,7.4209382151,6.56248868778,1.47419208091,1.44015814193,1.41692979088,1.33981470689,1.70166259856,1.94738217347
0.06.06.13,2649,5.38466295934,5.82284126721,6.00720178372,2.29823076923,3.343824,7.40317610063,6.56900101249,1.41995187097,1.39332222581,1.39655090323,1.3220093871,1.68821458065,2.00987977419
1.06.06.13,1813,5.37612284507,5.79212490669,5.94859477124,2.26699029126,3.31457380457,7.43831858407,6.59270462633,1.43369178938,1.40576193664,1.41094373048,1.33259919679,1.69325087015,2.00260580098
2.06.06.13,1899,5.40504241703,5.83232815965,6.01960288809,2.34561643836,3.34147147147,7.40540059347,6.57490660025,1.42165845154,1.40051329787,1.40551459811,1.33184556738,1.69498510638,2.01848138298
3.06.06.13,1268,5.37360054348,5.84522644928,6.06562130178,2.24016129032,3.21338095238,7.44482625483,6.59011383538,1.43252781845,1.41571786237,1.41158718887,1.34975475842,1.68805578331,1.972461347
4.06.06.13,1250,5.39389152403,5.82619457014,6.07325358852,2.47054545455,3.30117346939,7.49721238938,6.58679584121,1.4218615016,1.39900638978,1.39007380192,1.32972523962,1.6818028754,2.0107678115
5.06.06.13,1333,5.3864502705,5.79729864253,5.98021840874,2.20518518519,3.24932489451,7.40624,6.59956937799,1.42897103041,1.40102331081,1.4000316723,1.33424265203,1.69442356419,2.00290244932
6.06.06.13,1543,5.38575841829,5.80104377104,6.01935264055,2.27311827957,3.17530035336,7.44622641509,6.56391745602,1.41011466905,1.38430572451,1.39627233154,1.33643613596,1.68084633274,2.03484865832
7.06.06.13,2220,5.37439544393,5.79827391304,5.94850093458,2.37170731707,3.30435897436,7.38207920792,6.50919800634,1.41193415623,1.3830756448,1.39389565217,1.32729240973,1.67873599853,2.00248872513
8.06.06.13,2971,5.36943815484,5.79507824726,5.95161787768,2.1898989899,3.15605263158,7.43356666667,6.51952201258,1.40781932867,1.37633141259,1.39737801399,1.33110923077,1.6762833007,2.03765057343
9.06.06.13,3738,5.34394347404,5.73063397129,5.86817097863,2.19197080292,3.15178613396,7.43423493045,6.51136616583,1.42334715938,1.38937677225,1.40639771242,1.3366280543,1.6871442182,2.02246830065
10.06.06.13,3652,5.37308377697,5.79981106446,5.97693791946,2.39672897196,3.30120772947,7.45280361757,6.53924873096,1.4195655877,1.38621639118,1.39746655188,1.33042731864,1.69695509642,2.02005801194
11.06.06.13,4068,5.36176108255,5.74816258119,5.89995643492,2.36885714286,3.30125594672,7.43636708861,6.51261552266,1.41562837971,1.38695312808,1.40126062759,1.32906850207,1.68119165187,2.01338267219
12.06.06.13,4557,5.34789710904,5.74433431802,5.87594441397,2.3375177305,3.26593376265,7.41796,6.52338429941,1.42472317166,1.39872775673,1.40077392952,1.32784509284,1.68271312997,1.98682741569
13.06.06.13,3886,5.34171296058,5.71348491721,5.84559563925,2.29206521739,3.23477884615,7.43110795455,6.52356054931,1.42530189511,1.39347699427,1.39788887175,1.32736410313,1.68026117232,2.00061628471
14.06.06.13,3924,5.33049544359,5.69532168388,5.81201603206,2.25375838926,3.23750223015,7.46455368693,6.55795295942,1.44776188432,1.41533323543,1.41854322187,1.33496938545,1.7005558066,2.01934604609
15.06.06.13,3652,5.35288106304,5.75847595004,5.92465529495,2.31845410628,3.28371871275,7.40927344782,6.57981371969,1.44091051066,1.41013544869,1.40671400595,1.32965780863,1.694413882,1.98070406544
16.06.06.13,3916,5.33639277605,5.72194730001,5.8522670467,2.28996015936,3.22019230769,7.46655834564,6.53188689655,1.42975534045,1.39448012906,1.403502915,1.33412830441,1.67975752114,1.98596769025
17.06.06.13,3791,5.30242900197,5.67847698856,5.80072556762,2.38205882353,3.2026793722,7.40980487805,6.53409810127,1.44880902589,1.4101227127,1.41603980271,1.33981445129,1.69915117139,1.98717336621
18.06.06.13,5480,5.37541545524,5.74959770872,5.90494759171,2.3492364532,3.28368025078,7.41443037975,6.55628291011,1.4288568829,1.40319893041,1.39868720656,1.329847201,1.69911597444,1.99067289901
19.06.06.13,5488,5.39231133681,5.77367442689,5.94653158127,2.42913232104,3.30477765108,7.37113383986,6.58110243769,1.42288232942,1.39982654456,1.40229027473,1.33021276925,1.69333764994,1.9966920031
20.06.06.13,5146,5.37351996242,5.75494204147,5.91338620435,2.39060046189,3.26272049689,7.38277589709,6.56762072666,1.42835562301,1.40385766117,1.40437374964,1.3335627638,1.69779517202,1.98822333044
21.06.06.13,4974,5.34885053058,5.72022903079,5.85557194545,2.37463356974,3.26988764045,7.38932013769,6.54517891768,1.43503256788,1.41406049651,1.40986778898,1.32658240497,1.70109750194,1.98493227308
22.06.06.13,5261,5.36317352295,5.71234960987,5.84108993725,2.43948453608,3.32224906065,7.40818641618,6.53701171585,1.42159994451,1.40086488624,1.40382586016,1.32756849334,1.69762982797,2.00676749445
23.06.06.13,4356,5.36877079383,5.72434016942,5.85732417582,2.4607591623,3.32950872657,7.40114088159,6.53943310658,1.42821834604,1.40597514087,1.40897316871,1.3322116175,1.69404986742,1.99452799138
0.02.06.13,1879,5.3249581715,5.76151260504,5.95676129032,2.32432432432,3.26339393939,7.45062146893,6.68529508197,1.48090958307,1.45397044182,1.41121487243,1.33002812694,1.68874648413,1.91419010579
1.02.06.13,1333,5.3089306894,5.76799728138,5.95282988871,2.37420289855,3.25111111111,7.45052631579,6.72277834525,1.47053732098,1.43959839933,1.41170480202,1.33392409436,1.68610876158,1.95768138163
2.02.06.13,1250,5.33626475115,5.79004278729,5.97676986584,2.32885245902,3.18830845771,7.47788546256,6.7065625,1.47400172414,1.44379375,1.41850366379,1.34371314655,1.70029935345,1.93908372845
3.02.06.13,1204,5.33320874066,5.79885753613,6.0194874851,2.39151515152,3.32880952381,7.51208333333,6.69315946349,1.49105252404,1.46443461538,1.42589567308,1.34307920673,1.71683161058,1.95749939904
4.02.06.13,1592,5.36400428725,5.70131147541,5.73079944866,2.17079439252,2.60400641026,7.27285302594,6.5873046532,1.48016523569,1.44286835017,1.40411271044,1.33573425926,1.72008661616,2.07506574074
5.02.06.13,1611,5.30112672251,5.75202254642,5.89240697674,2.2612987013,2.99485714286,7.36030769231,6.63265693431,1.47336878307,1.4346194709,1.39367417989,1.33441047619,1.7037957672,1.96403026455
6.02.06.13,1546,5.4111773667,5.92209045226,6.14795307443,2.19438596491,3.30917391304,7.48448275862,6.79697813121,1.46385150473,1.44351066208,1.37328039553,1.30785090284,1.72762794497,1.96332820292
7.02.06.13,1706,5.27554155659,5.71966356108,5.8753364486,2.20173913043,3.18064935065,7.47309090909,6.61725864124,1.48829627699,1.44508763961,1.40128957558,1.33164236783,1.71633976173,1.94186597171
8.02.06.13,2079,5.339109284,5.84487026797,6.089625,2.33632653061,3.28694323144,7.47832258065,6.70029495718,1.46865407098,1.42976096033,1.39141920668,1.31938197634,1.70506374391,1.94595608907
9.02.06.13,2246,5.32216942795,5.80202954899,5.9893263571,2.08313953488,3.12133561644,7.45051359517,6.66632983023,1.47407892126,1.44692293862,1.39899349039,1.33512052077,1.69819324241,1.91338239306
10.02.06.13,2634,5.2871515237,5.78150206534,6.01634328358,2.32101449275,3.26945945946,7.46916666667,6.70656196944,1.47505540318,1.44697421832,1.40076171146,1.33380312671,1.70561228744,1.91477619309
11.02.06.13,2929,5.22404431179,5.62299938725,5.75935397758,2.25992537313,3.22707910751,7.47629834254,6.664,1.51595758865,1.48957238771,1.4488777305,1.35094685579,1.70604742317,1.85594425532
12.02.06.13,2640,5.23493150685,5.67005192878,5.77982712766,2.20936708861,3.28914285714,7.46509090909,6.63676496872,1.49691121441,1.46120598489,1.41849233004,1.33337048228,1.70081725741,1.88669308542
13.02.06.13,3078,5.2909520783,5.77074852265,5.93529446758,2.33056818182,3.25721179625,7.47729591837,6.69899847095,1.51561352016,1.4924439528,1.42317399213,1.3313666175,1.73039159292,1.91772531957
14.02.06.13,3512,5.23579735329,5.6939668175,5.85050811574,2.33,3.26684684685,7.41896678967,6.64419741697,1.49282405535,1.46775513571,1.41242863225,1.33323704098,1.72399372006,1.89863980841
15.02.06.13,3627,5.2405017833,5.72144494616,5.86063145112,2.34698795181,3.28162303665,7.46128834356,6.63943083004,1.5019768595,1.46237546488,1.41250382231,1.33364865702,1.71885697314,1.89291859504
16.02.06.13,3854,5.22446230922,5.65086474501,5.74916239316,2.36742268041,3.27989177489,7.46501766784,6.63145398299,1.52342657005,1.48535512077,1.44780942029,1.35770048309,1.73457057971,1.89010719807
17.02.06.13,3584,5.19961262734,5.62706642066,5.73654303709,2.4189010989,3.25648148148,7.41539033457,6.62851569933,1.49463587556,1.45313416959,1.41266939288,1.32922157551,1.72050873056,1.89248013046
18.02.06.13,3661,5.23033094507,5.68009897724,5.83365030675,2.22494736842,3.21541984733,7.42261127596,6.66547291835,1.49674381466,1.45763063428,1.41251322537,1.3424974359,1.71982505623,1.90232834008
19.02.06.13,2924,5.20665719312,5.64286882055,5.76705210564,2.34404494382,3.25491666667,7.42567164179,6.63580211335,1.49986409377,1.46292287021,1.42252321326,1.34586558033,1.71926180675,1.91523887936
20.02.06.13,2554,5.2214924182,5.64361827561,5.75759509994,2.36531914894,3.27498795181,7.46813333333,6.6645334507,1.52766516588,1.49006575829,1.45204152844,1.36199099526,1.72195343602,1.88188447867
21.02.06.13,2562,5.20723786352,5.59307377049,5.69400924321,2.3932,3.29422131148,7.43524752475,6.63616251006,1.51133622549,1.48197127451,1.4427670098,1.34576598039,1.71335132353,1.88683779412
22.02.06.13,2324,5.23015117515,5.6620464067,5.77617681499,2.40197530864,3.33116331096,7.42961783439,6.64288659794,1.49952300841,1.45943404255,1.42356887679,1.34879148936,1.71256016823,1.90334537358
23.02.06.13,2044,5.25725388601,5.67513325608,5.81275172414,2.53445544554,3.25055401662,7.4276618705,6.66211202938,1.47314484697,1.44233797626,1.40537620237,1.32798806996,1.69505315428,1.91205715178
0.08.06.13,2301,5.28924802353,5.6532998504,5.74153695737,2.42261363636,3.25421296296,7.41859903382,6.58584599267,1.45370111288,1.41767551669,1.39877734499,1.32867305246,1.70363763911,1.96207551669
1.08.06.13,2497,5.48935507051,6.00035928144,6.21682161859,2.45457831325,3.19382084095,7.4188372093,6.76364087302,1.44764386911,1.41698496944,1.39119093851,1.34696217188,1.74915756922,2.11734656598
2.08.06.13,1451,5.38410836977,5.78135582011,5.9594954955,2.3430952381,3.27978915663,7.49425076453,6.62690922731,1.43308041864,1.40771066847,1.38139432816,1.32410452397,1.68891195138,1.9712778528
3.08.06.13,1468,5.36820304419,5.75032002535,5.90960593946,2.25528301887,3.1909919571,7.49797687861,6.6454862119,1.44803915776,1.42943130107,1.3999372093,1.33542130735,1.69766656191,1.97393488372
4.08.06.13,1552,5.3682253995,5.79977988615,5.99926977688,2.31208333333,3.14271477663,7.49339779006,6.69898148148,1.43398240997,1.40154085873,1.37007541551,1.32631101108,1.69528788089,1.98724009695
5.08.06.13,1499,5.39172796669,5.81015718563,6.00221625252,2.26567567568,3.24323129252,7.49558139535,6.6809958159,1.42071620029,1.40017820324,1.37552231222,1.32321693667,1.68893490427,1.96467540501
6.08.06.13,1615,5.35219096334,5.80306065443,6.03623784592,2.3065625,3.2585770751,7.51168789809,6.6845295203,1.43377921196,1.41734816576,1.38891983696,1.32474626359,1.68302737772,1.93725298913
7.08.06.13,1869,5.34238019381,5.75240349819,5.92337618781,2.19457142857,3.18363387978,7.46661202186,6.62804638089,1.44803922341,1.41892419809,1.4035438942,1.33627867192,1.70670528981,1.95319938098
8.08.06.13,2480,5.36634176971,5.84514874142,6.0594084507,2.24408695652,3.23756501182,7.50842504744,6.63828322017,1.43741836815,1.41671127316,1.37391076074,1.31967359086,1.68395317304,1.91708545526
9.08.06.13,2753,5.31427500426,5.72247220016,5.86459741193,2.2782183908,3.20960127592,7.47473491773,6.63707192575,1.44185285924,1.4163568915,1.39081631232,1.32624695748,1.69603900293,1.93142855572
10.08.06.13,2961,5.2990913528,5.68295763994,5.82897012302,2.27994219653,3.26129129129,7.47273422562,6.61376778339,1.44614536191,1.41623316936,1.3948556922,1.32703137737,1.68879968377,1.9527914617
11.08.06.13,2962,5.32699313251,5.73667990612,5.88703643986,2.33189655172,3.27258202568,7.46119496855,6.650675,1.43651645049,1.41187690604,1.39427712749,1.32033562164,1.69309054097,1.95572543499
12.08.06.13,2960,5.31093707041,5.7028968875,5.83320037106,2.35735483871,3.32445040214,7.46613970588,6.58542202572,1.44669122288,1.42289227482,1.40661607495,1.33535479947,1.69920542406,1.94067587114
13.08.06.13,3570,5.46287285264,5.89228055783,6.1196618064,2.41557575758,3.32596078431,7.59567213115,6.63180685358,1.43644703108,1.41300491121,1.41293679245,1.32556315205,1.70321096004,1.96289619867
14.08.06.13,3316,5.35901743836,5.74566909045,5.88335918565,2.2686407767,3.21476082005,7.4783005618,6.60473522167,1.44841724701,1.42506357454,1.40791439064,1.32360671926,1.70231245919,1.96647532644
15.08.06.13,3234,5.32465462348,5.71355916181,5.82468605011,2.35846590909,3.25874309392,7.43336673347,6.56511757672,1.43046237885,1.39723809104,1.39921568282,1.33045215859,1.70036182085,1.98534152717
16.08.06.13,3529,5.38236633139,5.81139917107,6.00771458662,2.3533974359,3.28374821173,7.54686246418,6.62212326557,1.43568168052,1.4076777019,1.40241644893,1.32643862827,1.70363910333,1.98260421615
17.08.06.13,3350,5.37029016189,5.7649522293,5.95691183634,2.39425742574,3.29303797468,7.40814223512,6.59155006031,1.44815489314,1.40737185039,1.40493394263,1.34157038808,1.71767443757,1.98278329584
18.08.06.13,3433,5.3369297814,5.77076215945,5.90989114867,2.29741935484,3.20698142415,7.43303703704,6.52362741652,1.44442851627,1.41160366795,1.38153960287,1.31056723662,1.68984321566,1.90264823497
19.08.06.13,3288,5.32602037736,5.74603897286,5.85420471958,2.26023668639,3.21603149606,7.42539719626,6.49166286149,1.44819568672,1.41385902384,1.38063090238,1.31103118615,1.68589009648,1.8864319807
20.08.06.13,2692,5.28316596932,5.67317725753,5.7784369185,2.41659090909,3.33163833076,7.40654761905,6.55445588235,1.47378773891,1.43978525063,1.41089953119,1.3347811035,1.70486260368,1.89633739632
21.08.06.13,2800,5.29214061956,5.66495694957,5.76988019468,2.40909090909,3.2611341853,7.41368286445,6.53783863081,1.46306345748,1.43488815882,1.40773345046,1.3250459241,1.70128963457,1.92392304989
22.08.06.13,2946,5.31590028634,5.72328816987,5.86886099663,2.45578231293,3.2575,7.421,6.55599621391,1.44177326531,1.41316285714,1.3878185034,1.32402404762,1.69504714286,1.92351857143
23.08.06.13,3146,5.3291664786,5.75033374756,5.88905036408,2.39982954545,3.22434250765,7.45393700787,6.54867146101,1.46861011923,1.44001302354,1.40467502293,1.3263069092,1.71504454295,1.96035667991
0.04.06.13,1730,5.3204242601,5.73265844467,5.89471010161,2.40092592593,3.19718918919,7.50899371069,6.66069838833,1.50074713542,1.46573502604,1.4317547526,1.34894127604,1.70698886719,1.90940078125
1.04.06.13,1550,5.32485063194,5.75089612127,5.94338004946,2.42818181818,3.28422310757,7.41642857143,6.63719334719,1.4872818555,1.45143899836,1.4162998358,1.33793423645,1.71988234811,1.94744745484
2.04.06.13,1106,5.42185675182,5.90668519454,6.15151253241,2.37444444444,3.25725806452,7.49154411765,6.70592173018,1.44936779487,1.42429938462,1.38235251282,1.32557630769,1.69059374359,1.96538461538
3.04.06.13,961,5.37895256288,5.83371244635,6.06392676768,2.33209302326,3.16371212121,7.4586440678,6.64396969697,1.47077421384,1.44227559748,1.40485169811,1.34066540881,1.70736943396,1.94955056604
4.04.06.13,999,5.37195413759,5.87873003195,6.08518421053,2.29365384615,2.99991935484,7.49213872832,6.68671383648,1.47189848693,1.44227744154,1.41129628611,1.33510605227,1.69555075653,1.92110660248
5.04.06.13,1033,5.37847341954,5.83789860998,6.07197142857,2.35371428571,3.19391304348,7.45973154362,6.63774358974,1.45215584795,1.4297994152,1.3861505848,1.32600935673,1.69441535088,1.97984795322
6.04.06.13,1166,5.33247351847,5.80795087719,6.03810810811,2.04804878049,3.13216783217,7.45471910112,6.65740685544,1.44946813441,1.4303396292,1.39404692932,1.33714600232,1.69102108922,1.95336743917
7.04.06.13,1436,5.32660646388,5.79602763385,6.00069607843,2.26865384615,3.23631840796,7.53321100917,6.67913308913,1.46254563953,1.4367750969,1.41089069767,1.33332248062,1.6902127907,1.91039205426
8.04.06.13,1941,5.31927081538,5.79419896641,6.01405218726,2.25578125,3.22545081967,7.49977859779,6.65656279509,1.46003256847,1.43010074019,1.39628371577,1.33359748335,1.68171043671,1.91714189489
9.04.06.13,2459,5.29475967332,5.79964359862,6.04707739938,2.26178571429,3.33205387205,7.55774566474,6.65888467375,1.46702599643,1.44238560381,1.39859827484,1.32869018441,1.68801005354,1.8962825699
10.04.06.13,2517,5.33515762334,5.77891957105,5.99386742966,2.37595959596,3.29417061611,7.64208430913,6.67402985075,1.47388973239,1.45092730748,1.41974320044,1.34935215729,1.69166237029,1.91295314036
11.04.06.13,2346,5.3295036459,5.82407431341,6.0505360134,2.28217821782,3.18424615385,7.51345864662,6.6859686221,1.45898061336,1.42768619934,1.3960211391,1.33877305586,1.70542305586,1.95877064622
12.04.06.13,2626,5.23505871826,5.67516656191,5.79760137065,2.2578125,3.15956120092,7.43874285714,6.66427162367,1.47462124023,1.44362954102,1.40365566406,1.32992797852,1.69570786133,1.90692563477
13.04.06.13,2620,5.39640452785,5.94961377614,6.21443282381,2.25595959596,3.23746835443,7.49662921348,6.77679579149,1.45992928949,1.41853461829,1.39059213908,1.33209965986,1.69767860922,2.06144512472
14.04.06.13,2480,5.24534132732,5.63195010648,5.73224338624,2.08551282051,3.07128364389,7.45439093484,6.64570717839,1.49041193481,1.4686745531,1.43218633018,1.34589595163,1.69685431125,1.9101097266
15.04.06.13,2609,5.24940627951,5.65588289393,5.79648471616,2.1125,3.13911363636,7.4501529052,6.63645833333,1.47266210472,1.44623613271,1.41457957491,1.33760699844,1.6943217211,1.92743017107
16.04.06.13,2756,5.26424833703,5.68411814585,5.87403575298,2.20106796117,3.2429009434,7.51093406593,6.65856540084,1.47399754782,1.43727430113,1.39829955861,1.32679445807,1.70527135851,1.93084433546
17.04.06.13,2688,5.21228060242,5.63625158831,5.75289954338,2.34513274336,3.28469083156,7.42018237082,6.65515198753,1.4965796744,1.45699427726,1.42086156882,1.3302452886,1.70854800197,1.89604676862
18.04.06.13,2387,5.24322152599,5.66896013289,5.8213313253,2.34,3.31094339623,7.4336627907,6.6825,1.46226824217,1.42589256506,1.39800849708,1.32651486989,1.69145124801,1.93141837493
19.04.06.13,2230,5.21628131977,5.6403812825,5.76132027795,2.32675,3.30321342926,7.46201388889,6.64042024014,1.48686722689,1.45249378151,1.4242042577,1.34683366947,1.69528560224,1.87858240896
20.04.06.13,2254,5.2102595296,5.61497737557,5.70894562334,2.37597560976,3.32392941176,7.46383458647,6.64489381348,1.51858181276,1.48684782349,1.44785813953,1.35576738223,1.70379725701,1.88482170543
21.04.06.13,2204,5.27161775678,5.70358208955,5.90167781494,2.42394366197,3.354,7.5148787062,6.68044395924,1.49350022198,1.45668990011,1.42659628191,1.34540061043,1.70827447281,1.92691193119
22.04.06.13,2271,5.26132388566,5.71453085642,5.88441126761,2.41772727273,3.30564039409,7.44316384181,6.64918918919,1.48700663239,1.44988102828,1.41157676093,1.33100694087,1.70676606684,1.91738041131
23.04.06.13,2065,5.27723151034,5.69112133003,5.80502442002,2.37620253165,3.34647783251,7.42836879433,6.61522727273,1.50283738259,1.47045053225,1.43028484659,1.34214758923,1.72468866625,1.93237138384
0.09.06.13,2623,5.36083544969,5.77873998828,5.94394200897,2.40293333333,3.25943957968,7.52018975332,6.60294926913,1.45161698718,1.42411299858,1.39371549145,1.31613739316,1.70097375356,1.96711150285
1.09.06.13,2067,5.32571052946,5.73114397321,5.89632703777,2.3324137931,3.22698296837,7.46027548209,6.58158650843,1.43959977273,1.41343059091,1.38414795455,1.32351977273,1.69683613636,1.96785254545
2.09.06.13,1770,5.34697060019,5.76835474773,5.94890598291,2.33627906977,3.28710526316,7.42506024096,6.59316348195,1.44899268424,1.42608063475,1.40003830016,1.32642307692,1.69977600861,1.96014394836
3.09.06.13,1331,5.35679487179,5.78742979534,5.98080548415,2.39161290323,3.25,7.43911111111,6.61165611814,1.45189428328,1.42806049488,1.39975102389,1.32472397611,1.71110273038,1.98909496587
4.09.06.13,1360,5.32415451619,5.72003066141,5.8881141046,2.39057471264,3.17496212121,7.48068376068,6.60582164329,1.42615158301,1.39891374517,1.39090849421,1.32130123552,1.69641822394,1.98025953668
5.09.06.13,1622,5.33878281623,5.74515412511,5.92188077246,2.26084507042,3.19556910569,7.41824267782,6.63158730159,1.43936699108,1.40775198702,1.39492830495,1.32740689376,1.69213868613,1.98078085969
6.09.06.13,1799,5.29756551724,5.7492574768,6.0742867036,2.10181818182,3.178203125,7.41376093294,6.69835858586,1.44926332828,1.41342164896,1.39808209408,1.33061421345,1.68767076378,1.90352503794
7.09.06.13,1980,5.31441571573,5.72981481481,5.99847840532,2.3104950495,3.11449122807,7.47132307692,6.67219672131,1.43964855798,1.41140977045,1.40042107122,1.33399117128,1.68136197763,1.93546468511
8.09.06.13,2281,5.33125947311,5.74597998332,5.99388685175,2.33326923077,3.19688760807,7.43394444444,6.61524327785,1.44418063107,1.42080019417,1.40187694175,1.32457742718,1.69512970874,1.96470174757
9.09.06.13,2622,5.3196380002,5.69256662298,5.86630794702,2.27446236559,3.09065088757,7.45229885057,6.60347826087,1.43804333996,1.41440632207,1.40549379722,1.33338819085,1.68838186879,1.96557121272
10.09.06.13,3283,5.27030560132,5.62487465727,5.73193014706,2.36877192982,3.16692419825,7.44058295964,6.59702064897,1.44356389904,1.40888674859,1.39652205247,1.33338953836,1.69309315842,1.9550528728
11.09.06.13,3237,5.2998268101,5.66543716322,5.76535804816,2.31470852018,3.21362467866,7.46439393939,6.60019764508,1.44268,1.41511445378,1.40833889076,1.33552951261,1.69301068908,1.965356
12.09.06.13,3338,5.31969995248,5.6884043849,5.80503401361,2.28114068441,3.17308523409,7.48389948007,6.57646727657,1.43301350342,1.40951406347,1.39854452396,1.33309828874,1.69208540759,1.979943715
13.09.06.13,3231,5.3120708872,5.6924263344,5.82317774343,2.32515625,3.24409153953,7.43842424242,6.56284407319,1.45422999013,1.42336777376,1.41769927655,1.33793850707,1.69633775074,1.94957461361
14.09.06.13,4460,5.30969318479,5.65762135922,5.8112202381,2.33565972222,3.34056234719,7.36284854564,6.60626278521,1.42983724913,1.40818414657,1.40563430307,1.31850896704,1.68394877555,1.93541478549
15.09.06.13,8575,5.33505740629,5.69884294901,5.88587440604,2.33466793169,3.35925054466,7.35700286807,6.57307537331,1.39610644555,1.3730120415,1.38866655502,1.32216352422,1.6768786537,1.97647103995
16.09.06.13,8652,5.34002617169,5.70293205591,5.88001272727,2.44734576758,3.29634989201,7.37334017445,6.5686919977,1.42133634894,1.39911950638,1.4001676766,1.32647718298,1.69899339574,1.98316438298
17.09.06.13,8068,5.32026695926,5.6808715157,5.84194121128,2.43416897507,3.23644484959,7.38954434994,6.56153575025,1.41227362875,1.38267816806,1.39246352337,1.32097182743,1.69200813294,1.9844567144
18.09.06.13,6379,5.32444477718,5.67280646163,5.81077967368,2.38440677966,3.26990201415,7.38745275888,6.56458979328,1.41604313725,1.38482317395,1.39828904942,1.32539495471,1.68919420938,1.99192168329
19.09.06.13,5304,5.33728926451,5.68935832631,5.83419961822,2.38555555556,3.27757518797,7.39858347386,6.54531369815,1.42104378706,1.39157697984,1.40378178943,1.33550656213,1.69622727632,2.00019463697
20.09.06.13,4761,5.33192562552,5.69776682951,5.8453111639,2.46484455959,3.29351173021,7.39794383149,6.54833165017,1.42940867978,1.40441218661,1.40538240241,1.33242456363,1.69466182164,1.96436875595
21.09.06.13,4378,5.3317297913,5.72445135963,5.9036084021,2.40551282051,3.28417951043,7.40592746114,6.58680302672,1.42471757073,1.3958709317,1.3894452514,1.33252371598,1.70326361507,1.99607925752
22.09.06.13,4186,5.30826660178,5.65643832844,5.77960662123,2.36846645367,3.281302589,7.43049338147,6.57157989228,1.43615488722,1.40635909003,1.40191395797,1.33604439946,1.69684100636,1.98545853094
23.09.06.13,3762,5.34187052056,5.69978190882,5.84977479339,2.42076923077,3.28212665406,7.39851089588,6.56806451613,1.41925473293,1.3941546092,1.39908624459,1.33207665498,1.69199956692,2.00382054032
0.10.06.13,3248,5.33937358324,5.7165695712,5.87394756554,2.43937219731,3.29317647059,7.37954674221,6.56924247227,1.42794165063,1.39514860443,1.39590252647,1.33292993263,1.68528847449,1.99312519249
1.10.06.13,2785,5.35566539158,5.73889730385,5.931000891,2.48397727273,3.3011844078,7.43625862069,6.58066296296,1.41123708432,1.38039673397,1.38833441211,1.32486226247,1.6805121734,2.01259311164
2.10.06.13,2944,5.34126065108,5.7167161441,5.88787451985,2.41391566265,3.31075153374,7.38390243902,6.56760113269,1.4305946699,1.39599267111,1.39385654149,1.33355729861,1.68953858268,2.0159409146
3.10.06.13,2223,5.36948568951,5.75531882398,5.96127468582,2.40744966443,3.24656126482,7.41497797357,6.56401491882,1.42444691134,1.39138121366,1.39923055959,1.33506002907,1.71451638808,2.02211805959
4.10.06.13,2158,5.35215888982,5.70551893552,5.88382495948,2.2954248366,3.18204166667,7.43072916667,6.53616700201,1.41419535642,1.38103221996,1.39122940937,1.33441046843,1.70161026477,2.04249942974
5.10.06.13,2147,5.36018183514,5.78597606094,6.05587812103,2.31983870968,3.19139303483,7.42923664122,6.64309026007,1.4179942953,1.38273355705,1.39041029083,1.34203251305,1.70159354959,2.02379828486
6.10.06.13,2586,5.36452391731,5.74288056206,5.93559119497,2.31357894737,3.22475728155,7.44016042781,6.58949258392,1.4147928042,1.38894598518,1.39755472514,1.3523564546,1.69918554663,2.02588128474
7.10.06.13,3376,5.36695609644,5.74369750032,5.92404859274,2.34801652893,3.24601440576,7.42661437908,6.59516847172,1.41871114299,1.39402223816,1.4056091583,1.34858732664,1.70391702535,2.02769794357
8.10.06.13,4305,5.34348595388,5.70202063222,5.90458938953,2.33543543544,3.23769589552,7.42500598802,6.54965027076,1.41118729251,1.37881717079,1.39666219107,1.33315984876,1.69877866101,2.0451278495
9.10.06.13,4759,5.35290714095,5.73933928726,5.91325408378,2.28813370474,3.24453674121,7.43024933215,6.59085175421,1.40272434641,1.3801378268,1.39024890523,1.33375501634,1.69628905229,2.02675031046
10.10.06.13,5253,5.33473827809,5.68734867733,5.82963154222,2.36725225225,3.30312849162,7.44631481481,6.56247209219,1.40785954909,1.38339400727,1.39102673455,1.33544727273,1.69199479273,2.00520525091
11.10.06.13,5212,5.34081790788,5.69607417723,5.82412570177,2.30087136929,3.2496836983,7.44720807726,6.57202862697,1.41153345969,1.38867757691,1.39801358799,1.33667660009,1.69028243184,1.99198526024
12.10.06.13,5249,5.34152189349,5.70044178794,5.8485005637,2.30838308458,3.29204081633,7.45552062868,6.54480007172,1.41376006552,1.38773963669,1.39807709946,1.33282893091,1.70399047052,2.02227699524
13.10.06.13,5151,5.34068236336,5.71217895609,5.85287810042,2.39102040816,3.27393661972,7.44807886754,6.55821263482,1.41324537899,1.38719391622,1.39538361037,1.33149200465,1.69699406582,2.01770106383
14.10.06.13,5352,5.3462393283,5.7125704005,5.84740017236,2.33615566038,3.27259697567,7.45444743935,6.56717147583,1.40272556698,1.3799582401,1.38188793468,1.31545887511,1.70437627759,2.01433462353
15.10.06.13,5931,5.34456294649,5.7191655225,5.87055773992,2.41793406593,3.23664179104,7.5010163652,6.59045243835,1.42196380065,1.39789621629,1.39589248906,1.32336056756,1.71313005789,2.00913113088
16.10.06.13,7840,5.35994945316,5.7266061555,5.89605829089,2.39804347826,3.29588006902,7.48862531017,6.62363109609,1.43650729438,1.41296738928,1.40099615742,1.32247927987,1.70967356718,1.99873342948
17.10.06.13,5713,5.33433879816,5.69405724735,5.83815748842,2.38504761905,3.22529614721,7.46505098039,6.59130946461,1.43251187346,1.40850024651,1.4088687072,1.33415462887,1.71221915913,2.01125503972
18.10.06.13,5081,5.32982588721,5.70761518027,5.83350361915,2.39486842105,3.23204724409,7.44187311178,6.6097560094,1.42930146607,1.40356179838,1.40851410221,1.33423722424,1.70875643675,1.99883950014
19.10.06.13,4642,5.30989684883,5.67985796256,5.7845842032,2.4894600432,3.21464416728,7.47116647792,6.58340478905,1.43696445306,1.41150449181,1.41421433856,1.34518157478,1.7108378545,1.98547047736
20.10.06.13,4205,5.29310087173,5.64381859364,5.74591102515,2.47915632754,3.24979134467,7.4248447205,6.57923890609,1.45499366804,1.4280226302,1.43446305732,1.357631997,1.72130367179,1.99105921694
21.10.06.13,4438,5.31402346474,5.68053183521,5.80626899563,2.45160526316,3.25132978723,7.42925028835,6.56886822409,1.43421679694,1.40645323953,1.41318304673,1.34119987841,1.701208963,2.00423861386
22.10.06.13,4497,5.30422700179,5.65899819065,5.76114280683,2.50121654501,3.27811965812,7.4246799117,6.57661988304,1.44664282169,1.42250957107,1.4212241581,1.34492070188,1.70805552995,1.98607598369
23.10.06.13,4153,5.33719929499,5.68159970376,5.78359905819,2.53348888889,3.27624822695,7.4703908046,6.56300044092,1.45537023116,1.4212040218,1.43642082315,1.36470366472,1.71209699305,1.97022629205
