0.04.08.12,1100,5.39989276139,5.83856237396,6.08462545836,2.37026086957,3.20019662921,7.47301369863,6.74583386993,1.43321369495,1.42395520945,1.40374087003,1.33334790548,1.68615537057,1.94037067669
1.04.08.12,1013,5.35092979425,5.74248394728,5.91433438486,2.41983193277,3.22561452514,7.48988888889,6.69881825591,1.44496956522,1.42982835539,1.3978057971,1.32127763075,1.68971877757,1.94404511657
2.04.08.12,824,5.38154235638,5.78491005724,5.96979166667,2.42652173913,3.24578947368,7.5173125,6.70288007554,1.44390177881,1.43438507347,1.40217115236,1.32712312452,1.69448105182,1.94542784223
3.04.08.12,817,5.36332783581,5.77379228954,5.99505376344,2.38588888889,3.19980769231,7.45553125,6.69252399232,1.41612189616,1.40223912716,1.38195537998,1.31871700527,1.66602678706,1.91508939052
4.04.08.12,730,5.37455775963,5.79390085128,5.98649816176,2.362,3.19924444444,7.46373134328,6.71318655852,1.42949547135,1.42275462107,1.38839926063,1.31575914972,1.68223872458,1.92093872458
5.04.08.12,849,5.42435289761,5.86431914077,6.14015918958,2.43483870968,3.3050209205,7.50262599469,6.73298337708,1.41297891156,1.40542131519,1.38785948602,1.31140309902,1.67176228269,1.9658696901
6.04.08.12,973,5.38136448598,5.86477913336,6.13784638554,2.36857142857,3.2768220339,7.46448101266,6.75616300366,1.43187821928,1.42174908021,1.37514790287,1.30646924209,1.67905040471,1.91453811626
7.04.08.12,1003,5.40011227816,5.89863300493,6.17207048458,2.4876,3.38743589744,7.46151741294,6.74973404255,1.40114546713,1.38742553633,1.36415017301,1.29575474048,1.66203598616,1.9364799308
8.04.08.12,1109,5.41525876986,5.91641953619,6.18471059113,2.49017857143,3.42766423358,7.45194384449,6.74428888889,1.39816365291,1.38588762136,1.35676856796,1.29581492718,1.66475819175,1.94952918689
9.04.08.12,1232,5.39960384991,5.83629607958,6.06711672942,2.3853968254,3.4115060241,7.46413366337,6.64449901768,1.42758335147,1.40957295974,1.38370348205,1.31516213275,1.67315435256,1.93280005441
10.04.08.12,1370,5.43430729391,5.87006824386,6.06190887667,2.45042553191,3.33983009709,7.43031914894,6.58744611059,1.40782378449,1.3899826106,1.3845999124,1.33064853263,1.70692904074,1.96569553219
11.04.08.12,1481,5.43849354234,5.8873722926,6.12789642857,2.47168067227,3.25773493976,7.46663414634,6.62731656184,1.40270702966,1.39428411215,1.37821353108,1.3209339293,1.68427444128,1.96451625356
12.04.08.12,1581,5.41080073126,5.82867942584,6.02498811545,2.51054054054,3.3011969112,7.4826929982,6.6063329213,1.42467701059,1.41441985092,1.39129301687,1.3245982346,1.69181082778,1.94434829345
13.04.08.12,1422,5.43419255971,5.82684498736,6.05192839707,2.45963963964,3.29826697892,7.48798387097,6.63086164451,1.38932633406,1.37034212581,1.37298520607,1.31270264642,1.68205934924,2.00867223427
14.04.08.12,1240,5.38626395818,5.7604475043,5.92174277726,2.18596899225,3.1945232816,7.47160356347,6.64739233038,1.38264932292,1.37840223958,1.38614598958,1.3120425,1.66874411458,1.93685984375
15.04.08.12,1152,5.4132194334,5.76768826201,5.91713163972,2.42909836066,3.27424107143,7.40912037037,6.60671520093,1.41316849238,1.39302761152,1.40117487295,1.32276194241,1.67843647657,1.96747182383
16.04.08.12,1140,5.42492598884,5.82532141131,6.03615384615,2.4686407767,3.32575682382,7.46770020534,6.63205673759,1.38962509404,1.37831778614,1.37180010747,1.30320585707,1.67010617947,1.98542847931
17.04.08.12,1235,5.43802885184,5.86303480165,6.11351633394,2.44009615385,3.27242506812,7.53512195122,6.68111594992,1.38667320888,1.3765907669,1.37078304743,1.30166321897,1.66322785066,1.95610958628
18.04.08.12,1478,5.46519895288,5.85642033319,6.01297572254,2.494,3.51615933413,7.45358169935,6.61568025258,1.35145701522,1.36127084712,1.37286846459,1.28600052945,1.6891563865,2.00746095301
19.04.08.12,1397,5.46869411953,5.8625326054,5.97536818182,2.43304347826,3.55643010753,7.4193385214,6.62367146974,1.35805299674,1.37195302932,1.38855416938,1.28965677524,1.70579596091,2.02736710098
20.04.08.12,1164,5.44925245622,5.84103398853,5.99284784099,2.49362831858,3.43469244288,7.43656716418,6.61251170711,1.37592615865,1.36967811943,1.37660120321,1.29781778075,1.69796635472,2.02492045455
21.04.08.12,1142,5.47219817643,5.87418101638,6.04270381837,2.50837209302,3.49906764168,7.43673647469,6.63226694915,1.35399129047,1.35775234838,1.36390989512,1.28548586411,1.69097286822,2.00731782946
22.04.08.12,1199,5.42123992155,5.80709823352,5.9812810559,2.45434782609,3.39812267658,7.46550724638,6.66319430815,1.38369315572,1.37883762058,1.38087620579,1.29883601286,1.68322328893,1.98056417088
23.04.08.12,1205,5.3858629131,5.74562469616,5.88871772806,2.5814,3.42785198556,7.4731779661,6.65895480226,1.41148609407,1.40739396728,1.38427684049,1.30833502045,1.69202985685,1.96359606339
0.01.08.12,1024,5.41249546005,5.81495013599,6.00762460233,2.46064516129,3.34197402597,7.47455782313,6.69135243171,1.4212352086,1.40726321113,1.38941580278,1.32348596713,1.68179285714,2.01144620733
1.01.08.12,897,5.32540764791,5.66435471698,5.76265389877,2.47086538462,3.3241025641,7.43363333333,6.64981343284,1.43456879073,1.41835626358,1.40126263577,1.32687067343,1.68235916003,1.9473769008
2.01.08.12,759,5.37333031674,5.75662931839,5.92531438415,2.43855072464,3.29980842912,7.48833333333,6.68671111111,1.43133754448,1.4219411032,1.39411023132,1.32569359431,1.69063149466,1.95175845196
3.01.08.12,827,5.33768484288,5.74282631038,5.93745273632,2.45081967213,3.30374449339,7.49916666667,6.70589974293,1.42851441606,1.41978558394,1.37956122263,1.31324525547,1.6683495438,1.89478494526
4.01.08.12,866,5.36334421236,5.78485714286,5.9917787234,2.47111111111,3.36440944882,7.52857677903,6.71637350706,1.42435179487,1.4068342735,1.38069136752,1.32339777778,1.69379760684,1.9769642735
5.01.08.12,845,5.33698010059,5.74628063431,5.96925693823,2.4731147541,3.32924686192,7.44689393939,6.6878929385,1.43157279279,1.42356963964,1.38151693694,1.31505225225,1.68575666667,1.95153846847
6.01.08.12,955,5.31716248507,5.73490574713,5.87649651972,2.40915662651,3.29443333333,7.47592727273,6.65657603223,1.44796318481,1.43448845873,1.40962958364,1.33529978086,1.68999510592,1.92237472608
7.01.08.12,1256,5.32049365787,5.76496587716,5.96963181149,2.43146666667,3.28102473498,7.45200598802,6.67742325581,1.44705178697,1.43086958655,1.39793251577,1.32058605466,1.6857874562,1.90664940434
8.01.08.12,1383,5.39411619752,5.75256925079,5.98255633803,2.46413793103,3.38097435897,7.45002758621,6.65746784922,1.38158135081,1.35618081317,1.34798571909,1.29528551747,1.62572758737,1.93758004032
9.01.08.12,1380,5.34314914484,5.72840751222,5.91128846154,2.37518518519,3.29197849462,7.48733887734,6.66545510836,1.40475628187,1.38670333797,1.36597375985,1.30506662031,1.64823379694,1.91827213723
10.01.08.12,1573,5.3744887331,5.77346903793,5.9724516129,2.37338582677,3.31825095057,7.46164665523,6.68693961105,1.4153653713,1.39657968449,1.38122624086,1.30990030781,1.66900300115,1.9330689496
11.01.08.12,1449,5.38358409516,5.79545540127,5.97405877342,2.4606993007,3.296,7.47407342657,6.69864177489,1.42015907706,1.40159647366,1.37573147584,1.30933395734,1.67366778407,1.94870365694
12.01.08.12,1478,5.38022447573,5.74678293801,5.90548188406,2.39371428571,3.33900958466,7.46141269841,6.65834582943,1.39161008277,1.38353589165,1.3752307374,1.30691568849,1.66185026336,1.95931719338
13.01.08.12,1295,5.40310648436,5.76576618632,5.93018462698,2.38990825688,3.38839041096,7.41562937063,6.64728985507,1.39107989971,1.38057572085,1.37429866277,1.30716874216,1.66756694526,1.96144500627
14.01.08.12,1310,5.36767463814,5.69251495771,5.8027460743,2.4062804878,3.29208206687,7.45216962525,6.6486328725,1.39046346736,1.37702036316,1.3786516645,1.3127334198,1.66405430177,1.95066519671
15.01.08.12,1267,5.40404498044,5.75644472898,5.91199381762,2.37483870968,3.37264604811,7.4306133829,6.6487337986,1.39892942529,1.38271043678,1.38385494253,1.31898864368,1.67342211494,1.99231958621
16.01.08.12,1271,5.42138937093,5.79503962305,5.98207756233,2.41924528302,3.40305182342,7.44399253731,6.65190428714,1.37888227672,1.36995802869,1.37052341509,1.30594243406,1.66435316983,2.01602882925
17.01.08.12,1351,5.36959519483,5.72728892488,5.8793852459,2.44267605634,3.34572357724,7.42395793499,6.63250362494,1.42041679487,1.41195299145,1.40375854701,1.32273025641,1.67993076923,1.9689765812
18.01.08.12,1249,5.38977059437,5.74384703985,5.89088150882,2.41510948905,3.3116967509,7.44155206287,6.64890185676,1.40523568702,1.39028039122,1.39683458969,1.32275997137,1.67880166985,2.00182538168
19.01.08.12,1079,5.38912310731,5.76935249866,5.92877912395,2.40907563025,3.32413646055,7.42121212121,6.65720930233,1.42728601671,1.41972958217,1.41306206128,1.33104718663,1.68869103064,1.98136707521
20.01.08.12,1083,5.37271344041,5.75763631005,5.91025574113,2.49693069307,3.35781105991,7.45282608696,6.65773279352,1.40986276923,1.39630584615,1.38846590769,1.31580769231,1.67970873846,1.97332904615
21.01.08.12,1194,5.36686481432,5.69741324921,5.79501412429,2.48495495495,3.38153982301,7.48912037037,6.66968569596,1.4228192199,1.40942973431,1.39639903901,1.32738552855,1.68014375353,1.96158507631
22.01.08.12,1221,5.3497998082,5.68626927785,5.79810622551,2.4,3.40806873977,7.4800210084,6.66424673784,1.41042737048,1.4016941349,1.39575620723,1.31826466276,1.66792302053,1.93411940371
23.01.08.12,1249,5.38127716186,5.74984556849,5.88339089482,2.4937007874,3.35423931624,7.44874,6.63711156393,1.40483138298,1.39853102837,1.38061480496,1.31102393617,1.66978417553,1.94830571809
0.30.07.12,1094,5.39628177683,5.76993570855,5.94797003383,2.40752136752,3.30085011186,7.47687635575,6.6774784217,1.43620805439,1.42646317992,1.40667829498,1.31548723849,1.68906182008,1.97975245816
1.30.07.12,923,5.31132861238,5.64476157083,5.74098381877,2.532,3.32235981308,7.46300632911,6.66772605192,1.44019308786,1.41606640827,1.4075752584,1.31699909561,1.68282997416,1.96209631783
2.30.07.12,795,5.30835089774,5.61467806041,5.69177603424,2.39333333333,3.31625628141,7.42766423358,6.63346613546,1.46463039683,1.44433079365,1.43157960317,1.36205063492,1.70966769841,1.9165552381
3.30.07.12,764,5.31792229039,5.66032905983,5.78098398169,2.42222222222,3.30942857143,7.48893617021,6.68113423517,1.43137294807,1.41774321608,1.40522319933,1.33265435511,1.69820443886,1.91533961474
4.30.07.12,764,5.34362462159,5.73763123644,5.90337152209,2.29873417722,3.19833333333,7.47330882353,6.69257928118,1.43679613003,1.4241622291,1.3995873065,1.34125727554,1.6755747678,1.91552345201
5.30.07.12,811,5.36819461698,5.77775700935,5.97242323651,2.46975609756,3.25146616541,7.5152739726,6.74321618743,1.39794712372,1.39708550039,1.3681037037,1.31358463357,1.65171985816,1.91233837667
6.30.07.12,999,5.3209730592,5.7411414791,5.93742596811,2.43355555556,3.46503184713,7.52953020134,6.71143569292,1.40686242737,1.40459851517,1.37656397676,1.34802291801,1.68620542285,1.8671227889
7.30.07.12,1069,5.35318384908,5.81353667665,6.03405368204,2.45275862069,3.38678571429,7.54126005362,6.74615720524,1.41010795892,1.40420044929,1.37462028241,1.3323190629,1.68494781772,1.9091894095
8.30.07.12,1219,5.35799340132,5.80757799396,6.035044991,2.50231707317,3.31604294479,7.50765013055,6.69604026846,1.42134775219,1.41244117325,1.37869566886,1.31488366228,1.67926891447,1.92666277412
9.30.07.12,1391,5.38126495322,5.83021801194,6.04560743427,2.35752688172,3.37150357995,7.4372007722,6.67260772244,1.40991335175,1.39704134438,1.3771478361,1.31159046961,1.66975810313,1.92680782689
10.30.07.12,1461,5.32520485237,5.73707373272,5.89387812943,2.33077922078,3.22727650728,7.46838174274,6.67788508557,1.43729280172,1.40405525862,1.39138443966,1.32661538793,1.69011426724,1.90393185345
11.30.07.12,1417,5.36967855242,5.78777598525,5.94776702942,2.40895027624,3.19904397706,7.42828473413,6.68197650664,1.42254097104,1.39141252129,1.38267482964,1.31914727428,1.67966115843,1.95407504259
12.30.07.12,1412,5.3617335747,5.74711391265,5.91557052298,2.33327272727,3.23627906977,7.43065176909,6.67777099237,1.44147946085,1.41886628156,1.41568331194,1.3413550706,1.68468994437,1.92974274711
13.30.07.12,1296,5.39696072118,5.74980639731,5.91108204518,2.4027672956,3.25106306306,7.4312244898,6.6612398374,1.42031066108,1.40297583799,1.39802229981,1.32448379888,1.6721448324,1.95705288641
14.30.07.12,1405,5.42116867243,5.78359970539,5.97668144611,2.40971830986,3.34850628931,7.41866847826,6.70469512195,1.40513868922,1.3922248203,1.38230372093,1.31688515856,1.69131213531,2.01017919662
15.30.07.12,1414,5.40581727844,5.77365680713,5.95948867787,2.49022058824,3.34365979381,7.41766505636,6.66561688312,1.39459118433,1.38342288513,1.3745048976,1.30614145147,1.67632983081,1.98681473731
16.30.07.12,1473,5.39904702751,5.76418782176,5.91841377091,2.43489932886,3.36232488823,7.40427230047,6.62220352893,1.40128115283,1.39780621919,1.38809442548,1.30932442169,1.68835695867,1.98020739477
17.30.07.12,1372,5.38273394088,5.75510715914,5.90691645134,2.34932330827,3.316133829,7.46961770624,6.68821748879,1.41174756392,1.40243203087,1.38000038591,1.31261649783,1.680084274,1.96277158707
18.30.07.12,1335,5.33279703487,5.65056774194,5.71234322193,2.6177704918,3.2022922252,7.47111742424,6.68912884716,1.43393081422,1.4272582996,1.41272177238,1.34381246064,1.69573891138,1.94720116959
19.30.07.12,1160,5.34672018044,5.70029813318,5.80584075173,2.71494623656,3.2630583501,7.41620779221,6.63453770492,1.42838972286,1.41654284065,1.39799307159,1.33260069284,1.69152101617,1.97348331409
20.30.07.12,1101,5.35897766551,5.70175462835,5.83692695214,2.59786127168,3.21383592018,7.41997206704,6.60812255541,1.43106134752,1.41950561466,1.404706974,1.33653504728,1.68606122931,1.92450118203
21.30.07.12,1110,5.3538095898,5.70580682813,5.88297139831,2.57024,3.30612529002,7.43013157895,6.64523678792,1.42736051429,1.42341828571,1.40658382857,1.33310845714,1.67257617143,1.91929434286
22.30.07.12,1171,5.34090266169,5.67624666311,5.76139154161,2.63480662983,3.32868600683,7.45190023753,6.64518908865,1.43170939746,1.41880630182,1.40568883361,1.32157705915,1.68843731343,1.96379668325
23.30.07.12,1223,5.32824510863,5.66255465488,5.74109735269,2.49529411765,3.31841091493,7.45615577889,6.61912739965,1.43686657811,1.42413501594,1.40878097768,1.33218857598,1.68613113709,1.92405132837
0.02.08.12,1066,5.37603946637,5.73610030995,5.87812127237,2.46150943396,3.34766738661,7.43629353234,6.63448030988,1.44216808864,1.43253728532,1.40433185596,1.32684559557,1.68970437673,1.94221362881
1.02.08.12,917,5.36869093231,5.75878464107,5.90610359035,2.43551724138,3.33778337531,7.44981675393,6.68922427035,1.46938001245,1.44902833126,1.42652372354,1.33155267746,1.70028393524,1.92250080946
2.02.08.12,803,5.36818904441,5.70458174245,5.80978685613,2.56967032967,3.33261682243,7.45610951009,6.65057097542,1.4291357659,1.40306575145,1.39546430636,1.32883634393,1.69039617052,1.96877536127
3.02.08.12,846,5.38485180195,5.78787412587,5.97561660562,2.5435443038,3.35289772727,7.41414215686,6.6934992224,1.41783365759,1.39937905318,1.37557522698,1.30276627756,1.68079714656,1.97946523995
4.02.08.12,785,5.33710458637,5.72011595547,5.85170960187,2.3605,3.26993548387,7.45091549296,6.67596292482,1.427481555,1.40707857734,1.3697611249,1.30982845327,1.68574681555,1.91895947064
5.02.08.12,481,5.31769122807,5.67644310475,5.78338666667,2.40698630137,3.13861111111,7.40909090909,6.61857894737,1.4360483871,1.42331907433,1.39976367461,1.32321360449,1.70383870968,1.93678990182
6.02.08.12,913,5.32618190822,5.69018465909,5.80435421995,2.2424,3.15796391753,7.48106321839,6.6774829932,1.43123717706,1.39562514178,1.4044915564,1.33239130435,1.68020982987,1.93502243226
7.02.08.12,1057,5.33617313794,5.74760135135,5.91286142771,2.24568181818,3.29,7.47437823834,6.68728826729,1.42631371986,1.41098053961,1.38795878301,1.31851963261,1.68268650976,1.92605200918
8.02.08.12,1374,5.4143386829,5.80655210399,5.99172955975,2.18421052632,3.09163498099,7.53565789474,6.74765113974,1.41933760908,1.40836465969,1.39652582897,1.32273486038,1.71322609075,1.99588062827
9.02.08.12,1481,5.3926923913,5.82154308154,6.05159865377,2.59579439252,3.39027196653,7.51631944444,6.7214849921,1.42144892591,1.40213954406,1.37756343709,1.30830149057,1.6819771153,1.93816882946
10.02.08.12,1600,5.42155092811,5.82275250578,6.0370223689,2.50013245033,3.28388235294,7.48737732657,6.67035633739,1.40937340952,1.39192499048,1.37234815238,1.3043727619,1.67530152381,1.96341889524
11.02.08.12,1449,5.38983582404,5.77411549235,5.9377258567,2.4537037037,3.26580705009,7.45090425532,6.64751601774,1.41597253521,1.40453336268,1.39039194542,1.31142640845,1.6759346831,1.95336487676
12.02.08.12,1263,5.39808142311,5.78710564752,5.96879302637,2.41706896552,3.3212826087,7.49066810345,6.65413618458,1.4070122211,1.39265709939,1.38132241379,1.31313640974,1.6807989858,1.96337555781
13.02.08.12,1364,5.3971291866,5.76187138264,5.92825039494,2.38203252033,3.34687719298,7.49680970149,6.67819062181,1.41996152381,1.41247104762,1.39252390476,1.31379795238,1.67803109524,1.93920628571
14.02.08.12,1241,5.41295671145,5.76122117285,5.92042579578,2.38846153846,3.32074427481,7.42918238994,6.6392823219,1.38951387003,1.38214413191,1.37059975752,1.30961231814,1.67249345296,2.00249306499
15.02.08.12,1153,5.38401570138,5.72286495825,5.85098972418,2.44350515464,3.38327472527,7.42800524934,6.65644906743,1.41891698997,1.40651772575,1.38813424749,1.31360521739,1.68945010033,1.9800716388
16.02.08.12,1340,5.39467539106,5.73766308671,5.87674118984,2.32583333333,3.28217462932,7.48014814815,6.65179133858,1.41076262626,1.40159237833,1.39529912764,1.32123191001,1.68035064279,1.95746253444
17.02.08.12,1469,5.40175535459,5.76105194563,5.91240645161,2.40805555556,3.37405367232,7.48986587183,6.66372491639,1.4271580541,1.40091118288,1.39591861122,1.33872252725,1.69569911183,1.9767932176
18.02.08.12,1271,5.42387469935,5.81889922833,6.00209459459,2.38402061856,3.38026,7.45443820225,6.65235119048,1.42228920792,1.40710346535,1.39212990099,1.31893420792,1.69522247525,1.98613955446
19.02.08.12,1102,5.40016216216,5.76296160878,5.91193700047,2.48116504854,3.38425847458,7.44663390663,6.63282175227,1.40869908987,1.38408077361,1.38751103527,1.32464101251,1.68431501706,2.00557360637
20.02.08.12,986,5.39847886029,5.7617954134,5.92925698324,2.4696,3.40353689567,7.46297222222,6.63978525412,1.41414011897,1.39387825512,1.38775194977,1.31292392597,1.68553502974,1.97927732981
21.02.08.12,1195,5.38712265245,5.80289177706,5.97038800705,2.25021978022,3.42682474227,7.49027139875,6.66227145261,1.40413509615,1.38431697115,1.39488389423,1.31056600962,1.67425326923,1.92744961538
22.02.08.12,1326,5.33084151633,5.67452090183,5.78881404959,2.37831168831,3.29235387046,7.50117894737,6.67312255176,1.47216829151,1.45162277992,1.44685057915,1.34163146718,1.69695458494,1.92910096525
23.02.08.12,1199,5.35638651233,5.7281287621,5.85739701222,2.4472519084,3.31359698682,7.46690021231,6.66237783075,1.43570452368,1.4219478446,1.42120713145,1.32985465673,1.68387865886,1.93917647685
0.03.08.12,1189,5.41253473099,5.82120898993,5.98845607808,2.40274193548,3.28595698925,7.50988483685,6.69089435439,1.43838682903,1.41414855865,1.39907847913,1.32116043738,1.68568474155,1.97129209742
1.03.08.12,1001,5.39715787957,5.75472261335,5.89846270161,2.41090909091,3.19281173594,7.42994845361,6.60107301587,1.43549070549,1.40459680851,1.40579619261,1.32200268757,1.6915300112,1.96956858903
2.03.08.12,827,5.372202369,5.73377035831,5.87176024279,2.39767676768,3.19075907591,7.47492957746,6.67209852217,1.45963117409,1.43539060729,1.40690331984,1.32884218623,1.70038396761,1.96385684211
3.03.08.12,770,5.38242915811,5.75399004562,5.93727491961,2.3959375,3.31240740741,7.49265017668,6.66490759754,1.41353651685,1.39827504013,1.37424975923,1.3126241573,1.6784953451,1.98496268058
4.03.08.12,821,5.38922933034,5.77193536265,5.99887025596,2.35969230769,3.25339207048,7.52549180328,6.68675496689,1.41318408511,1.41956604255,1.3931012766,1.33172944681,1.663948,1.89732212766
5.03.08.12,889,5.38516388837,5.85128659794,6.06520114943,2.2435,3.18266129032,7.43592592593,6.69008741259,1.41762686567,1.41047067164,1.39775776119,1.32566664179,1.68174738806,1.93374567164
6.03.08.12,988,5.41574449794,5.85176428825,6.07392169448,2.30581081081,3.23210332103,7.48117493473,6.67231546232,1.40790396767,1.40347046289,1.37233482733,1.30623989713,1.67161609111,1.94652248347
7.03.08.12,1096,5.38298384771,5.7863391536,5.96271710176,2.26298850575,3.31513888889,7.46769230769,6.5910151615,1.4162670066,1.40070893821,1.37783233353,1.31564643071,1.67422225555,1.93500419916
8.03.08.12,1328,5.39991236982,5.81491250979,6.02863354037,2.4359223301,3.31356020942,7.47038548753,6.63480420807,1.44362414671,1.43020422822,1.40843662761,1.3336753948,1.69191390728,1.93144859908
9.03.08.12,1715,5.42617007902,5.86750046738,6.10544402858,2.37722580645,3.25688715953,7.46617760618,6.70922061856,1.41272172477,1.4008853578,1.38700194495,1.31925695413,1.69601508257,1.97613699083
10.03.08.12,1652,5.41382003396,5.84250802644,6.07627561837,2.30447552448,3.23975806452,7.43724444444,6.67906598115,1.40018181483,1.39135134637,1.37818443379,1.31569797123,1.68062821837,1.97547786795
11.03.08.12,1777,5.40535537599,5.79897753551,6.08868078176,2.37946969697,3.32772486772,7.47346347607,6.71411506193,1.43894133094,1.43116255396,1.40333741007,1.32806852518,1.6940926259,1.97686964029
12.03.08.12,1565,5.42518497385,5.85253239105,6.09690494012,2.32692307692,3.34973333333,7.48286738351,6.65326282628,1.40636155738,1.39735192623,1.38216848361,1.3138607377,1.67924672131,1.97321172131
13.03.08.12,1457,5.43070549554,5.85555812163,6.07154914901,2.291875,3.22056338028,7.41243204578,6.66640218304,1.39400349593,1.39213272358,1.38744691057,1.31338747967,1.69423081301,1.98417536585
14.03.08.12,1355,5.45644111666,5.8942117075,6.12054279054,2.37401459854,3.26850622407,7.49384969325,6.66583498612,1.39208974663,1.38023262074,1.38188962787,1.31235542359,1.68894239905,1.98929307205
15.03.08.12,1354,5.42321711074,5.83775254669,6.05340699076,2.39042372881,3.30512195122,7.4548,6.66158979392,1.39740431354,1.38758260668,1.37782606679,1.31040180891,1.67521289425,1.98547458256
16.03.08.12,1441,5.44095489162,5.86021192315,6.08480754996,2.5256,3.32993534483,7.45022875817,6.65596961573,1.39387578092,1.3751940522,1.37796448438,1.32172306376,1.67746850663,1.98863521609
17.03.08.12,1479,5.40480288134,5.82429620563,6.06335908906,2.439375,3.24489932886,7.441648,6.689527833,1.40125068097,1.39163867107,1.37503702022,1.30942608337,1.68169640941,1.94377255468
18.03.08.12,1354,5.42814528767,5.84193701858,6.06946666667,2.38754385965,3.28335820896,7.40989342806,6.67553571429,1.38428183973,1.37859468943,1.3701401138,1.3066275486,1.66508506401,1.97096491228
19.03.08.12,1225,5.36797208352,5.75638392857,5.91482818617,2.4017699115,3.33166666667,7.446003861,6.68496329757,1.44553488031,1.43390928188,1.43029462628,1.33878128969,1.68458041036,1.95851397167
20.03.08.12,1116,5.39094924192,5.78469376694,5.96459157788,2.36471910112,3.31552380952,7.43811688312,6.68194068343,1.43749670759,1.42590340402,1.41474514509,1.34284352679,1.68795189732,1.9599797433
21.03.08.12,1040,5.38538712687,5.77871197411,5.97755765819,2.47626262626,3.30989218329,7.49741176471,6.72733333333,1.44684489655,1.43646793103,1.41886131034,1.33506772414,1.68674593103,1.95465531034
22.03.08.12,1120,5.37686707928,5.76575720417,5.95524261015,2.49768421053,3.32460957179,7.4785,6.70335243553,1.43680526316,1.42447640867,1.40675801858,1.32443034056,1.68782996904,1.9722206192
23.03.08.12,1274,5.39995410505,5.79713395639,6.06886811024,2.39089430894,3.21587341772,7.4743847487,6.75728161271,1.4357485684,1.42422889714,1.4119883351,1.33271744433,1.68883685048,1.96519003181
0.28.07.12,1004,5.36368237057,5.74669879518,5.92708743842,2.35689655172,3.28587431694,7.46657963446,6.69551669316,1.44843116371,1.43243320184,1.40636370809,1.32673392505,1.68018980934,1.89012846811
1.28.07.12,949,5.37358679825,5.77406512252,5.95088569719,2.41686046512,3.26508152174,7.47809405941,6.70942440522,1.45233059654,1.44078826171,1.40617690827,1.3134192431,1.68891558691,1.89390044901
2.28.07.12,774,5.41041587902,5.8149931082,6.03457335789,2.39526315789,3.31133928571,7.46437641723,6.74223511214,1.45622771169,1.44568943317,1.41398173548,1.32622708188,1.70626801959,1.93383421973
3.28.07.12,697,5.35397392767,5.71819643633,5.83232330827,2.24082191781,3.34018461538,7.49552845528,6.63823880597,1.42901215559,1.41428338736,1.40450081037,1.32095397083,1.69043881686,1.95614675851
4.28.07.12,670,5.34530687486,5.71817011494,5.82152462862,2.39636363636,3.34528846154,7.45829875519,6.62047569804,1.43578410214,1.42052034596,1.40311235585,1.32325065898,1.68515,1.93340766063
5.28.07.12,729,5.36816054198,5.7791433644,5.96631868132,2.40155555556,3.44353571429,7.44544169611,6.67696177062,1.45242487805,1.43229926829,1.40148780488,1.33421934959,1.67975585366,1.8841
6.28.07.12,771,5.33225705329,5.7619530876,5.95736273627,2.45058823529,3.39906122449,7.47011904762,6.68113163972,1.4246068,1.41278112,1.37824208,1.3158508,1.67005024,1.88385008
7.28.07.12,787,5.35267943591,5.81284875184,6.04661106234,2.40052631579,3.32090909091,7.50383763838,6.69911860718,1.42707524038,1.41885769231,1.37576875,1.30852692308,1.65991610577,1.88707195513
8.28.07.12,910,5.35637818613,5.77089655172,5.96428571429,2.38777777778,3.34049295775,7.40984375,6.6863372093,1.44165934844,1.42743364023,1.3877618272,1.31244936261,1.6824851983,1.89740396601
9.28.07.12,1084,5.3822033195,5.83402368661,6.02706652698,2.37428571429,3.2418128655,7.48265060241,6.63495213784,1.42749136578,1.41197786499,1.39141051805,1.32025892203,1.68611512297,1.92149293564
10.28.07.12,1311,5.36494331551,5.78810994152,5.95888702929,2.36071428571,3.34395918367,7.51096330275,6.63326315789,1.45153987759,1.43882151601,1.41244289077,1.33269392655,1.69504119586,1.89437669492
11.28.07.12,1217,5.34567614471,5.76996141288,5.92863778706,2.38301075269,3.34228773585,7.50736979167,6.66363270777,1.43496921788,1.42223664804,1.39600385475,1.32339715084,1.6881372067,1.92249150838
12.28.07.12,1119,5.35868592467,5.77106867878,5.93093493712,2.3520754717,3.2847715736,7.46067010309,6.65747735192,1.45453726959,1.43320299539,1.41586342166,1.34036031106,1.68921013825,1.92489775346
13.28.07.12,1037,5.37189671362,5.74074050431,5.90797411367,2.41282608696,3.31383033419,7.47553977273,6.63500720461,1.43618276581,1.42007268937,1.40733662265,1.33561369006,1.6871085476,1.9393371091
14.28.07.12,924,5.3818420653,5.76161559889,5.90621333333,2.3871875,3.3207875895,7.43089974293,6.65023351648,1.45327294118,1.43812614379,1.43270836601,1.34944215686,1.6938727451,1.93888705882
15.28.07.12,846,5.42141578665,5.81108493933,6.01790131579,2.49581081081,3.33695205479,7.55050847458,6.65539087948,1.4026229434,1.39831373585,1.38763630189,1.32148460377,1.67607049057,1.9824554717
16.28.07.12,961,5.34670063076,5.70688259109,5.83615890084,2.44268292683,3.40800970874,7.4402484472,6.62886687797,1.44886467195,1.42461362653,1.4267519106,1.36537382841,1.69165227109,1.92652992069
17.28.07.12,1054,5.35009626955,5.74838459048,5.87311651584,2.46655172414,3.38721040189,7.44441340782,6.65492936803,1.45227590282,1.43490223244,1.41589087328,1.34764195666,1.70121332896,1.93263998687
18.28.07.12,952,5.36766508635,5.75911807055,5.9344319683,2.3595505618,3.29487106017,7.43918256131,6.72516738197,1.43974802974,1.41310988848,1.41062282528,1.33611546468,1.68594401487,1.93756743494
19.28.07.12,896,5.38039501779,5.75393080604,5.90172158709,2.45380952381,3.35765895954,7.46617737003,6.67319018405,1.41839293651,1.40096849206,1.39790690476,1.33097539683,1.68434468254,1.98791698413
20.28.07.12,854,5.34095902828,5.68981686379,5.79951903808,2.34267241379,3.23204787234,7.45642140468,6.66068688671,1.43745893987,1.42097547468,1.4246289557,1.33876700949,1.68394794304,1.95467262658
21.28.07.12,933,5.36179001094,5.74574549636,5.88141810919,2.44,3.40245989305,7.43494382022,6.70334219858,1.47207247312,1.45243290323,1.43691562724,1.35119405018,1.71019218638,1.91881232975
22.28.07.12,999,5.41529505582,5.86158230221,6.0925766471,2.54907692308,3.39104026846,7.43773892774,6.74444534413,1.43735480501,1.42338300836,1.39625745125,1.3241413649,1.69302437326,1.95641573816
23.28.07.12,944,5.37538022814,5.79039239482,5.98357142857,2.48217948718,3.29510344828,7.46982352941,6.69493613139,1.45758150888,1.44214386095,1.40589955621,1.32228550296,1.6955285503,1.92182152367
0.31.07.12,1101,5.34294051784,5.68746732501,5.80735470942,2.50679389313,3.3267254902,7.45880095923,6.65871467026,1.44445560241,1.43229746988,1.39855542169,1.32019481928,1.68736066265,1.95272921687
1.31.07.12,958,5.35326144135,5.68574792244,5.80236618005,2.42965517241,3.25495049505,7.49340836013,6.63233064516,1.4748149155,1.45170580456,1.42785268185,1.34446928729,1.70505466569,1.92287200588
2.31.07.12,900,5.37308362369,5.72117514488,5.87705915493,2.47509615385,3.29631961259,7.46114285714,6.65961820852,1.43879240987,1.42574573055,1.40191714105,1.32660752688,1.6782401012,1.9617082859
3.31.07.12,716,5.34129787753,5.71622739018,5.85686714542,2.44820512821,3.26559386973,7.45698275862,6.64974208675,1.44699225685,1.42671388102,1.39579187913,1.32671312559,1.6881782814,1.95785996223
4.31.07.12,774,5.36904585456,5.79608433735,5.97741197183,2.38129032258,3.29566115702,7.43451263538,6.70334451902,1.4249047532,1.41137934186,1.38085137112,1.31083162706,1.68581371115,1.93493382084
5.31.07.12,834,5.38490151687,5.87761003071,6.1635509839,2.42161290323,3.19808743169,7.47962025316,6.74395721925,1.43163260654,1.41835193261,1.37577908821,1.30903676908,1.6984740337,1.95744747275
6.31.07.12,896,5.309773608,5.75797270955,5.9585078534,2.42413333333,3.27259259259,7.42184501845,6.68129568106,1.42845625,1.41390470779,1.37700162338,1.31046493506,1.68303912338,1.91705
7.31.07.12,1020,5.35840381767,5.80792633517,5.99850322581,2.35481927711,3.30414634146,7.43389830508,6.72170212766,1.40784564951,1.3998185049,1.36561286765,1.30546776961,1.68279203431,1.93865802696
8.31.07.12,1128,5.38076006958,5.82175683537,6.01521336761,2.30942307692,3.27205333333,7.45164733179,6.67042675159,1.41368850882,1.40072095136,1.37356237306,1.31065478354,1.68939652592,1.97096996259
9.31.07.12,1352,5.37940983607,5.83831447964,6.06552282769,2.49525252525,3.32907859079,7.46286036036,6.67088729017,1.40654073146,1.39390966934,1.37244539078,1.30269058116,1.67919759519,1.95129809619
10.31.07.12,1439,5.39456225789,5.87134309831,6.10646823634,2.44148760331,3.24943699732,7.45674329502,6.67391906283,1.39474601884,1.39106742295,1.37412101884,1.30355017123,1.67710787671,1.94554794521
11.31.07.12,1505,5.38110943883,5.78677309783,5.95927066451,2.47612244898,3.32230337079,7.44592128801,6.68736814891,1.41295701398,1.40554654939,1.38780775823,1.30941357691,1.68783806946,1.94290189445
12.31.07.12,1382,5.38803349801,5.8157382199,6.0212231247,2.45074468085,3.36399515738,7.44628205128,6.67445833333,1.39052613412,1.38358599606,1.37193619329,1.30373964497,1.67641188363,1.97686148915
13.31.07.12,1263,5.43680163955,5.87708655332,6.09664757709,2.42343434343,3.34078571429,7.50898423818,6.7223027027,1.41855165671,1.40657164584,1.39005708854,1.31311064639,1.69226382401,1.9965121673
14.31.07.12,1166,5.42843860536,5.83451106536,6.02516360377,2.53398230088,3.35261958998,7.49522540984,6.67987723214,1.4038213525,1.38307076677,1.38989462194,1.31752641108,1.69592673056,2.00473024494
15.31.07.12,1303,5.38180858987,5.7526525941,5.92336688015,2.4948245614,3.37990079365,7.46909663866,6.68549940547,1.40444223195,1.39449234136,1.39056055799,1.31307275711,1.66577888403,1.96507155361
16.31.07.12,1303,5.38974580336,5.74787893346,5.90628193833,2.49776859504,3.33484435798,7.42048117155,6.65896924829,1.39535344921,1.38025665399,1.39063432917,1.32025062466,1.67361488322,1.99271743618
17.31.07.12,1558,5.38846492986,5.76271582368,5.94172054998,2.43991304348,3.38294320138,7.44902135231,6.64629383886,1.42039394464,1.40848127163,1.39471020761,1.31967231834,1.68831262976,1.96903477509
18.31.07.12,1255,5.40917181706,5.78837541164,5.95646100691,2.42509803922,3.31659574468,7.44356294537,6.65306924517,1.42786537753,1.41116998158,1.39559085328,1.33065561694,1.70131737262,1.97158090853
19.31.07.12,1289,5.40414997741,5.81852839661,6.01902659875,2.50590361446,3.36386363636,7.46868159204,6.6795335689,1.41692236422,1.40109035144,1.39317603834,1.31959629393,1.68192939297,1.95609041534
20.31.07.12,1029,5.40520096852,5.79392786885,5.9744549763,2.44321428571,3.34907246377,7.37666666667,6.64888309754,1.41646610625,1.40329085407,1.3917861466,1.32117659718,1.69080699395,1.98941815736
21.31.07.12,1003,5.40284865965,5.79233631978,5.96235436893,2.42837209302,3.31326704545,7.44838961039,6.6818595679,1.42445832196,1.41730709413,1.40705804911,1.32898410641,1.67804072306,1.97915818554
22.31.07.12,1040,5.36442981047,5.74662420382,5.89437765634,2.37178082192,3.38363402062,7.46523255814,6.66814138205,1.42879891378,1.41719198914,1.40241731161,1.32135560081,1.678033537,1.93310991174
23.31.07.12,1317,5.37694769711,5.77571545828,5.95563017032,2.49417582418,3.38946308725,7.44206208426,6.66898631841,1.43152351129,1.4169838809,1.39553850103,1.32439897331,1.68710123203,1.94539604723
0.29.07.12,914,5.37055435565,5.76946179902,5.93028474576,2.45756302521,3.17257142857,7.49744680851,6.67914655172,1.45222727273,1.44061596452,1.40597679231,1.31923303769,1.69379497413,1.91908484848
1.29.07.12,872,5.35177804779,5.73805555556,5.88961280715,2.45085714286,3.21212418301,7.47649122807,6.67969141755,1.46878862928,1.45203691589,1.41433504673,1.32436728972,1.69446510903,1.88705809969
2.29.07.12,881,5.36050127276,5.76430300501,5.94013442868,2.48351648352,3.28336734694,7.45399350649,6.68758851675,1.44295545523,1.43020173062,1.38932580888,1.31157840482,1.67161828442,1.91688472536
3.29.07.12,710,5.32743614228,5.73100154879,5.89831749049,2.43139240506,3.26076612903,7.48734693878,6.71189054726,1.44158275556,1.41631226667,1.38016808889,1.33179102222,1.67755937778,1.94550506667
4.29.07.12,662,5.36288616827,5.79946008041,6.0068954918,2.45283333333,3.27873170732,7.49796078431,6.73228274968,1.42106666667,1.40367610063,1.37147997904,1.30597536688,1.65049737945,1.90806645702
5.29.07.12,696,5.31497111162,5.72742965368,5.89636893204,2.33539473684,3.2,7.45095833333,6.69340880503,1.45150336879,1.43243280142,1.39001400709,1.31135106383,1.67077393617,1.88305212766
6.29.07.12,708,5.38190178571,5.78108989287,6.01845431255,2.31620253165,3.16852678571,7.49847014925,6.69256599789,1.40101266846,1.38140727763,1.35546307278,1.29516828392,1.64434061096,1.92362165319
7.29.07.12,784,5.34472335845,5.75825882353,5.96823315118,2.45818181818,3.160125,7.55270758123,6.75371794872,1.40152240343,1.38352824034,1.35765244635,1.302772103,1.64312927039,1.91122763948
8.29.07.12,927,5.39000895576,5.79698808637,6.02519014085,2.40100840336,3.12665480427,7.51934604905,6.7402809482,1.38693118617,1.37472356638,1.3487375491,1.295663315,1.63016433621,1.933690652
9.29.07.12,1241,5.39481972989,5.80638047559,6.02668931159,2.41366120219,3.12575555556,7.45970858896,6.76924914676,1.39150414013,1.38058348499,1.3557566424,1.29877138308,1.63260818926,1.94761915378
10.29.07.12,1385,5.36973626118,5.75911268638,5.96811709602,2.36428571429,3.2058643326,7.50125230203,6.72041120381,1.41100460381,1.39431876937,1.36272841965,1.30477583001,1.64726494024,1.92359397964
11.29.07.12,1320,5.38234227331,5.79381376518,5.97764119601,2.344,3.23829931973,7.51913627639,6.70276110444,1.42202867575,1.40588296008,1.38045423564,1.31538125609,1.66148339825,1.91837429406
12.29.07.12,1231,5.38956543582,5.78127610209,5.95719178082,2.35666666667,3.20664570231,7.52066546763,6.72310566258,1.41844668329,1.41374214464,1.40049281796,1.33508024938,1.66875336658,1.93555491272
13.29.07.12,1048,5.4057472462,5.78645914397,5.9748730416,2.35459259259,3.17727735369,7.49404907975,6.72895747599,1.43075566879,1.41797853503,1.41233484076,1.34043738854,1.68613,1.95505904459
14.29.07.12,1002,5.40356123662,5.78700990693,5.96431855501,2.43342342342,3.2832,7.49501108647,6.71585844429,1.42379136109,1.40727911746,1.39825637042,1.32847725295,1.6789459913,1.95301025482
15.29.07.12,1122,5.37691458982,5.74381561418,5.91113732893,2.47266666667,3.26926380368,7.45599198397,6.7036993865,1.43800624655,1.40794134881,1.41545478165,1.34309679381,1.68793830846,1.97006462134
16.29.07.12,1343,5.38844851373,5.77828713389,5.96670867668,2.53620689655,3.27656036446,7.43700209644,6.69391009852,1.41787285793,1.4024827529,1.39008457711,1.32244770591,1.69128269762,1.9707962963
17.29.07.12,1267,5.41103190606,5.80548572799,6.02803481448,2.42483050847,3.35722943723,7.42425081433,6.74500871586,1.42883142262,1.40939775925,1.39666951537,1.33141959354,1.69579161021,1.95822793121
18.29.07.12,1264,5.43528985507,5.85802351212,6.09837117904,2.37925925926,3.30606976744,7.46505582137,6.74390322581,1.40672749106,1.39258579458,1.38214230966,1.31754685743,1.69677858968,2.04112636689
19.29.07.12,1100,5.41467113466,5.81709768316,6.02273579379,2.47696078431,3.27307042254,7.52811363636,6.74472633136,1.41229085196,1.40379622905,1.40372486034,1.32494699721,1.68512248603,1.98691187151
20.29.07.12,933,5.38536055745,5.73943322476,5.91043010753,2.49491803279,3.32202898551,7.42835380835,6.70244641537,1.4110147801,1.39707317952,1.39314506128,1.32559142033,1.66966517664,1.99032134102
21.29.07.12,926,5.35739537348,5.73904618851,5.9416404648,2.47857142857,3.29432926829,7.45390029326,6.7066784141,1.41505245654,1.4039239607,1.38207732426,1.31672418745,1.67408888889,1.93809879063
22.29.07.12,968,5.328106469,5.69465454545,5.90446949602,2.52614285714,3.35403954802,7.42163323782,6.68683708839,1.44233964912,1.43027754386,1.41150989474,1.3246282807,1.68403396491,1.90033038596
23.29.07.12,1103,5.35003206773,5.7448767507,5.96168012109,2.47462365591,3.35232183908,7.55731019523,6.69540400776,1.43053747039,1.41899658929,1.40499033633,1.32234253908,1.67130345808,1.9271698721
0.05.08.12,1138,5.43915949107,5.83027631248,6.03157224418,2.55591666667,3.3265158371,7.48326568266,6.68314441417,1.40158613861,1.39137754039,1.37557243356,1.2975164148,1.67231829078,2.00638947368
1.05.08.12,966,5.42394934877,5.81949172234,6.00205612245,2.52519685039,3.24252717391,7.44495145631,6.63993718593,1.39104033116,1.38267936132,1.37849041987,1.30668468362,1.67044494382,1.99208279125
2.05.08.12,929,5.36927275699,5.74027173913,5.94287964713,2.43787234043,3.30308823529,7.44686781609,6.66263031275,1.41487525424,1.4138799322,1.39574345763,1.32677959322,1.69841572881,1.97999125424
3.05.08.12,860,5.40860617399,5.86220088035,6.10534816942,2.47516129032,3.31004081633,7.50568452381,6.70190766551,1.40886953893,1.40186507937,1.37614232804,1.31265706727,1.68129743008,1.94618805745
4.05.08.12,873,5.41207330416,5.81177842566,5.99424657534,2.49851851852,3.28677966102,7.50636363636,6.67982832618,1.41125925384,1.39082596928,1.3798759327,1.3078063643,1.67918858815,1.94915859546
5.05.08.12,848,5.39376553515,5.82218124755,6.0355862584,2.26260869565,3.18806584362,7.55091836735,6.66692518248,1.40449978448,1.39226537356,1.3799545977,1.31636106322,1.68546508621,1.96226199713
6.05.08.12,897,5.40705605117,5.8358177981,6.05459230267,2.39139240506,3.25,7.47483333333,6.67858054226,1.39804937238,1.39246073919,1.37645209205,1.3152555788,1.68971443515,1.9870944212
7.05.08.12,958,5.48859460257,5.91017332961,6.23478857143,2.33304347826,3.33488687783,7.46914438503,6.65393721387,1.37201553118,1.35914751732,1.35878013857,1.31015034642,1.67767015012,2.02760479215
8.05.08.12,1239,5.43915482233,5.8583681592,6.15057571359,2.42456790123,3.275,7.45814102564,6.66178917379,1.38527657568,1.37218531017,1.3632271464,1.30812079404,1.68117801489,1.99680158809
9.05.08.12,1355,5.42401313732,5.83433576642,6.08925241158,2.39457627119,3.28202797203,7.44532312925,6.67414764449,1.3823489441,1.36973950311,1.36165196687,1.29978563147,1.67612757764,1.98783486542
10.05.08.12,1467,5.41588410256,5.8339689441,6.08620395502,2.44460431655,3.24429515419,7.46892638037,6.69336941176,1.39381939567,1.37652580645,1.36003001225,1.29674136382,1.68399403838,1.99033107391
11.05.08.12,1521,5.45910217016,5.88024714473,6.15429523142,2.36873015873,3.24539534884,7.44265602322,6.67073905863,1.36679770428,1.35734373541,1.359092607,1.29268677043,1.67317342412,2.01108225681
12.05.08.12,2047,5.45708658872,5.90545805426,6.22413793103,2.3756,3.27214421252,7.28300179211,6.61908606245,1.34183787846,1.33276547593,1.33156153343,1.28076022653,1.66546486604,2.03621293836
13.05.08.12,2020,5.44491451418,5.8917698324,6.20527472527,2.38444444444,3.22133671743,7.28643687708,6.64070864198,1.34054107257,1.33333307087,1.33300310704,1.27753739093,1.67382696318,2.05847152586
14.05.08.12,1744,5.46208272279,5.8504426585,6.12695966908,2.37787878788,3.31761268781,7.36782122905,6.64173447537,1.35758228954,1.35760777745,1.3596665016,1.29474847073,1.68177494902,2.02177355083
15.05.08.12,1486,5.46766284501,5.86797583582,6.14446964856,2.32512,3.27596949891,7.36318548387,6.63740921003,1.35251324552,1.35309985364,1.35401434321,1.29357475302,1.67321020856,2.02056095865
16.05.08.12,1777,5.4665342885,5.8343616748,6.06225038402,2.2759375,3.20814701378,7.42551445087,6.63517675991,1.36633994763,1.35776982834,1.36184893803,1.31178056445,1.69111204539,2.03204515566
17.05.08.12,1828,5.43380590371,5.80832674051,6.03328443358,2.26791907514,3.22929936306,7.4043079096,6.61006223387,1.38522534266,1.37420718881,1.36989902098,1.3102860979,1.69514083916,2.00367437762
18.05.08.12,1982,5.43708457998,5.83239596469,6.08276013905,2.33481081081,3.28037249284,7.38142405063,6.6235581974,1.38510800677,1.3729165941,1.38500815191,1.32066223996,1.69088717949,2.02185628931
19.05.08.12,1913,5.46143815974,5.8727386188,6.16243341404,2.44541935484,3.30856410256,7.40044228695,6.63338222849,1.35451011094,1.35536636409,1.36207970247,1.3076709531,1.66889488149,2.00101608674
20.05.08.12,1828,5.45808998414,5.83650617595,6.07735947712,2.4352195122,3.21055921053,7.39198007472,6.61917314268,1.34697210699,1.34682827511,1.35398605349,1.29961531114,1.67116271834,2.02849429585
21.05.08.12,1865,5.43123955432,5.79693382446,5.96734300726,2.38372340426,3.29048941799,7.39589147287,6.59174946004,1.38275721836,1.37618581363,1.38030342142,1.32062261474,1.6950123783,1.98538834492
22.05.08.12,2458,5.48844421841,5.8683256607,6.1296668384,2.31911458333,3.30547169811,7.40567036721,6.61105728643,1.36014115417,1.35841040438,1.37020669756,1.31275577085,1.68624684078,2.01720781382
23.05.08.12,3812,5.50984165819,5.86096061152,6.1306654808,2.39375438596,3.34623655914,7.3926946472,6.60656334232,1.34774879404,1.35182853896,1.36516666246,1.32359588332,1.68512930926,2.02272171991
