0.30.01.12,960,5.46272180983,5.78710432783,5.91829948365,2.54151515152,3.33634577603,7.40193181818,6.46680300501,1.46825806854,1.45625613707,1.46089034268,1.35289570093,1.68692429907,1.95446211838
1.30.01.12,686,5.44400890501,5.77566556985,5.9399851925,2.50691358025,3.30489552239,7.39651612903,6.46201655825,1.47341561905,1.46730838095,1.45640571429,1.3693412381,1.70202466667,1.98689371429
2.30.01.12,591,5.45839652449,5.81714076246,5.989539801,2.49097222222,3.26591666667,7.43358024691,6.46736842105,1.42655110048,1.43212258373,1.40989521531,1.3331337799,1.6687107177,1.97048985646
3.30.01.12,531,5.49897533632,5.85246209098,6.03107629428,2.45116666667,3.24745098039,7.48401785714,6.48033227848,1.40459923497,1.39603901639,1.39641617486,1.31828644809,1.67305071038,2.04197967213
4.30.01.12,612,5.49766122278,5.86568971963,6.03256716418,2.52259259259,3.41451882845,7.39239852399,6.46830083565,1.37111490196,1.3641122549,1.34620892157,1.30577578431,1.68750441176,2.11354647059
5.30.01.12,647,5.46417621938,5.81933993399,6.01685874912,2.47733333333,3.36010309278,7.40577319588,6.43623270952,1.42323871681,1.41295276549,1.40100143805,1.3243005531,1.67672400442,2.00889690265
6.30.01.12,746,5.44119432794,5.81097460792,5.95623471883,2.48266666667,3.35743902439,7.45788944724,6.41616546763,1.44095820611,1.43946259542,1.41435820611,1.33286889313,1.68709770992,1.98414398855
7.30.01.12,833,5.47563226744,5.88868812738,6.07746209994,2.53931034483,3.36018018018,7.4528113879,6.46440025657,1.41535086758,1.40711780822,1.40784027397,1.32088082192,1.67218913242,2.02573908676
8.30.01.12,935,5.43930538741,5.8211619212,5.97830083565,2.63902439024,3.36552870091,7.43742946708,6.45269884805,1.46455284683,1.4511340818,1.4483957498,1.35622838813,1.70970256616,1.97972574178
9.30.01.12,1107,5.43370365088,5.82149192445,5.98964028777,2.46431372549,3.24066878981,7.46015974441,6.44156544503,1.44699665072,1.43673094099,1.42644816587,1.34061945774,1.68135797448,1.96025334928
10.30.01.12,1329,5.42009912725,5.78705882353,5.94043463381,2.5393220339,3.32862745098,7.44755208333,6.42716605765,1.45782881356,1.4596030976,1.44015575687,1.3446207481,1.69013296318,1.96764593805
11.30.01.12,1424,5.42281345265,5.77905951506,5.93280233272,2.55814814815,3.34502722323,7.44689956332,6.45953454008,1.48230151515,1.46182628004,1.45488448276,1.35685715778,1.69703286311,1.95555862069
12.30.01.12,1510,5.45047679539,5.82001422925,5.98182008917,2.49195804196,3.37459016393,7.45722871452,6.47835778957,1.43804961866,1.43280026918,1.43670829969,1.34365800808,1.69718434275,1.99461139524
13.30.01.12,1552,5.44348507969,5.80505374644,5.96275366109,2.51048,3.39417491749,7.43440900563,6.44645742697,1.44549000921,1.43443664825,1.43547849908,1.33714788214,1.68527366483,1.96441081952
14.30.01.12,1622,5.46458315982,5.83122122275,5.98717942346,2.53193333333,3.3494041868,7.46835924007,6.46853658537,1.46731614468,1.45957551831,1.45391292457,1.35470405823,1.70326546096,1.96128067931
15.30.01.12,1616,5.43776983504,5.7805443838,5.92738135389,2.52154285714,3.31938953488,7.43217081851,6.44551544903,1.44292958104,1.43058408802,1.43736288616,1.34852983496,1.68421239949,1.9632705036
16.30.01.12,1899,5.43175596291,5.76165355346,5.89693080114,2.43647058824,3.27291770574,7.44346581876,6.45381317809,1.45595104334,1.44454686998,1.44266492777,1.34660991172,1.69945646067,1.96338880417
17.30.01.12,1897,5.4525785468,5.78750377687,5.93648786218,2.49409090909,3.31760095012,7.42947368421,6.45338959212,1.46078059648,1.44417477542,1.44319543658,1.33982263744,1.69669295724,1.97152191879
18.30.01.12,1836,5.42665663063,5.7512969878,5.87266514806,2.49803212851,3.29687711387,7.39916786227,6.45225012684,1.46793027726,1.46245778189,1.45779678373,1.34920913124,1.69379852126,1.93429959335
19.30.01.12,1714,5.42260812983,5.75982215949,5.89209856166,2.54770053476,3.31263648469,7.40924914676,6.44716332378,1.48513814433,1.47444173196,1.45937505155,1.35849670103,1.70890861856,1.9592054433
20.30.01.12,1669,5.41902590504,5.77742861553,5.92579340546,2.54029761905,3.32799093656,7.43495559503,6.4598757764,1.48243109509,1.47451550248,1.45097917981,1.34512302839,1.68856867959,1.94191036503
21.30.01.12,1712,5.42838748226,5.75551189667,5.8747929259,2.51608695652,3.29050805452,7.44085763293,6.44460655738,1.48427399508,1.46458027071,1.45942407711,1.35730652174,1.71126168991,1.97443839212
22.30.01.12,1830,5.41707232624,5.7291462138,5.83880576392,2.54730769231,3.3301552795,7.42620031797,6.42986829268,1.46616150334,1.45075753425,1.44552230418,1.3418594661,1.69536894977,1.94826224096
23.30.01.12,1264,5.41558499096,5.73365598539,5.85686946903,2.53348039216,3.28811127379,7.42641732283,6.45504943744,1.49008835443,1.47340820253,1.46739696203,1.36212632911,1.70803670886,1.96531124051
0.02.02.12,1210,5.48890226562,5.8568192061,6.05015284461,2.54115942029,3.29954918033,7.47467826087,6.49097208539,1.4461140999,1.4231896462,1.43119016649,1.3446996358,1.69897747138,2.02891123829
1.02.02.12,987,5.49877385203,5.85942806473,6.04096785843,2.54839285714,3.33386934673,7.41978448276,6.49538591312,1.43617197071,1.41209966711,1.41654613848,1.33555898802,1.698163249,2.04397782956
2.02.02.12,868,5.51772707889,5.89629057187,6.09194142259,2.49903614458,3.33734219269,7.41790123457,6.48884633796,1.40711540832,1.38760562404,1.40322642527,1.31977057011,1.69729653313,2.03987758089
3.02.02.12,833,5.49688878534,5.87822983984,6.0586784551,2.4497260274,3.36620209059,7.39572649573,6.47368421053,1.39397781178,1.3908924254,1.39695830145,1.31267429227,1.70878638103,2.06080795715
4.02.02.12,850,5.52798968186,5.95131857555,6.16185051546,2.4192,3.32906862745,7.44,6.49473502304,1.42633098237,1.42056230059,1.4077906801,1.32390671704,1.68302728799,1.98702661629
5.02.02.12,800,5.5099515128,5.9373022912,6.13741019699,2.41346938776,3.28845303867,7.44829181495,6.47117152104,1.39474127144,1.38745852674,1.39030110999,1.31684974773,1.67107245207,2.02407709384
6.02.02.12,932,5.49548430293,5.92495997713,6.15412210128,2.50788461538,3.37626666667,7.44104278075,6.48516949153,1.40317961538,1.39363838462,1.39005461538,1.31852261538,1.67446638462,2.02508407692
7.02.02.12,1281,5.57515924888,6.0070530489,6.25243543544,2.444,3.347,7.51494594595,6.56131893688,1.39844751317,1.38846307782,1.38091135167,1.30830456407,1.69277331773,2.01897519017
8.02.02.12,1511,5.58836259602,6.03832904517,6.29124745763,2.49071428571,3.45339759036,7.55177103718,6.58494014963,1.41920864819,1.40733597817,1.40316423174,1.31761725441,1.7058725021,2.00001574307
9.02.02.12,1545,5.53312551048,5.97066883339,6.21676025323,2.50179775281,3.36224932249,7.53278082192,6.53946691176,1.40221902119,1.38833007064,1.39475898083,1.32396513623,1.68545166498,2.03380913219
10.02.02.12,1922,5.497243501,5.90853034225,6.12106621005,2.55041322314,3.37182509506,7.49518417462,6.49628697457,1.43743646677,1.42579797407,1.4203476094,1.33397957861,1.68915769854,1.99129513776
11.02.02.12,1827,5.48452421695,5.87242033804,6.06356124066,2.47733333333,3.3115993266,7.50483695652,6.49114831284,1.4530252149,1.44325218993,1.42800523946,1.34030532133,1.69705718379,1.97838047483
12.02.02.12,1782,5.51020982246,5.92409143352,6.13093822573,2.40714285714,3.37665362035,7.49815104167,6.50180500659,1.43293934924,1.41526555315,1.42302039046,1.33181088937,1.68929618221,1.97618043384
13.02.02.12,2441,5.43753784456,5.80443690784,5.94889400136,2.48113924051,3.3368989899,7.49792710706,6.47900369004,1.43723722697,1.42684444444,1.42989316239,1.33666790123,1.68266302627,1.95272022792
14.02.02.12,1736,5.46081442338,5.82806605824,5.98953366643,2.51759493671,3.32972006221,7.48222042139,6.46994382022,1.4249601633,1.41100107434,1.41978500215,1.33429883971,1.68733571122,2.00939750752
15.02.02.12,1818,5.47818320399,5.83212030075,5.99234899329,2.53265536723,3.35342412451,7.47652230971,6.48308972504,1.44046607212,1.4239832881,1.43585509888,1.34156386196,1.68877921675,1.98525482745
16.02.02.12,1872,5.49655941238,5.87588109139,6.05837717602,2.51267379679,3.31995821727,7.46498858447,6.50001796945,1.4354998929,1.42352848983,1.41820846126,1.32951538736,1.68992245627,1.97005012496
17.02.02.12,1972,5.47037629474,5.8449065534,6.02545056694,2.45577319588,3.2886878453,7.45447432763,6.48592377411,1.45793366409,1.44877960309,1.44529746417,1.34328357222,1.70224869533,1.96088875413
18.02.02.12,1790,5.43853771087,5.79370867477,5.95685128447,2.51101694915,3.31795857988,7.47006779661,6.45696103168,1.459359601,1.44850581879,1.44038769742,1.34398399834,1.68992888612,1.94299409809
19.02.02.12,1784,5.46611405234,5.8114108506,5.96242444444,2.56607734807,3.33949315068,7.43030120482,6.47031299735,1.45906910931,1.44213133603,1.44560797571,1.34696684211,1.69991477733,1.98496004049
20.02.02.12,1797,5.44642570281,5.77544205894,5.92011226062,2.54611764706,3.37297193878,7.42026315789,6.4513594041,1.4805042735,1.46862254782,1.46952157102,1.35870520961,1.71047765568,1.98872364672
21.02.02.12,1688,5.458033954,5.80398307475,5.97101442531,2.53568965517,3.31035330261,7.42853135314,6.44595009597,1.48055246272,1.46103705377,1.46416032535,1.35834261184,1.70444030728,1.9732659286
22.02.02.12,1644,5.44075459784,5.78551610121,5.94097094259,2.50206451613,3.36831654676,7.42651877133,6.44633973997,1.44742887838,1.43680764933,1.44380554362,1.34136325741,1.69651542759,1.97766012033
23.02.02.12,1235,5.46114765364,5.80095822222,5.93988728324,2.50187919463,3.30113309353,7.43227272727,6.44510330579,1.47107853958,1.45660919732,1.4540828874,1.3586090301,1.71549013378,1.98318823857
0.04.02.12,868,5.43319425951,5.77482439423,5.92701983769,2.50375,3.32149606299,7.44601246106,6.46741426238,1.46499850993,1.45001208609,1.44438733444,1.34000521523,1.69588609272,1.99358385762
1.04.02.12,685,5.43984171849,5.77340265939,5.91746122918,2.44469879518,3.25678321678,7.43682403433,6.44045360825,1.46705550661,1.44952026432,1.43663259912,1.34898645374,1.6987719163,1.96485781938
2.04.02.12,531,5.4897280681,5.84699622958,6.02109078591,2.43419354839,3.24861244019,7.44057377049,6.47842936069,1.43947576142,1.42817182741,1.4171892132,1.34433451777,1.68970279188,2.04463553299
3.04.02.12,527,5.49299778761,5.89104092976,6.0648582996,2.34756756757,3.36551724138,7.49813084112,6.50754005655,1.42139258741,1.41151062937,1.39422741259,1.32727216783,1.67782503497,2.02619384615
4.04.02.12,576,5.50664894963,5.88908298945,6.07234984985,2.51,3.23411042945,7.44669856459,6.46810094098,1.40155193591,1.39110387183,1.38696315087,1.31136221629,1.67285901202,2.04908731642
5.04.02.12,643,5.52721518987,5.94698624595,6.16076335878,2.37704918033,3.21767195767,7.60216718266,6.56296456978,1.40489447059,1.41369682353,1.40803576471,1.32030494118,1.69234611765,2.15134882353
6.04.02.12,811,5.57890444522,6.01869974874,6.25791747573,2.3552173913,3.21738738739,7.69154471545,6.62516322089,1.38623835846,1.40548936348,1.38663819095,1.31284103853,1.68127579564,2.2125538526
7.04.02.12,893,5.52725237927,5.96791680423,6.18582737487,2.49380952381,3.32231075697,7.71835680751,6.60688342121,1.44034013962,1.44859554974,1.43568560209,1.33914336824,1.69939616056,2.10393062827
8.04.02.12,1177,5.48263097426,5.89499679144,6.16531599856,2.41836065574,3.45482288828,7.60309882747,6.57945045795,1.42326270854,1.43361952895,1.46286614328,1.36759087341,1.68897757605,1.96497531894
9.04.02.12,1188,5.47230002492,5.86468342644,6.04904145078,2.50421052632,3.37742547425,7.52701005025,6.47159879983,1.46264654255,1.45925525266,1.44899361702,1.3497087766,1.69282972074,1.9885068484
10.04.02.12,1436,5.48937172226,5.87080304472,6.06269326683,2.5815625,3.33205073996,7.59377391304,6.53493967093,1.42664761111,1.42862638889,1.43149711111,1.34351911111,1.69000833333,2.0569775
11.04.02.12,1341,5.46004365383,5.8462187944,6.03098736702,2.50186915888,3.34169300226,7.50356275304,6.49545419103,1.43815816327,1.43525028345,1.43713424036,1.3415399093,1.69333061224,1.99347250567
12.04.02.12,1477,5.47755193759,5.86171237146,6.09036218376,2.50579710145,3.32334593573,7.53783933518,6.54409795412,1.42692452092,1.42563253813,1.4449563551,1.35862854908,1.68011165428,1.93612405162
13.04.02.12,1379,5.42049301096,5.76903460515,5.91180592202,2.41396449704,3.25861720067,7.45823529412,6.47012420156,1.48251401085,1.47612224963,1.4749177109,1.37953206709,1.70446714356,1.93933320178
14.04.02.12,1346,5.45878563284,5.81439425407,5.97875174923,2.51774647887,3.34946236559,7.4623030303,6.46536650083,1.41907026641,1.41053168411,1.41470261656,1.32279600381,1.6782614177,2.01486003806
15.04.02.12,1238,5.46696019428,5.84431257344,6.03621586476,2.50571428571,3.32308411215,7.4442826087,6.47474320242,1.4158909632,1.40542884199,1.40670584416,1.32065752165,1.67131785714,2.03261715368
16.04.02.12,1347,5.42016487182,5.76603793654,5.91584592593,2.59097902098,3.37311148087,7.4335966736,6.46674116799,1.47147182957,1.46235889724,1.45970656642,1.35347403509,1.69110711779,1.96377037594
17.04.02.12,1313,5.43480237154,5.79745815707,5.96260576334,2.49798449612,3.33478011472,7.44725158562,6.46437751004,1.4574736338,1.45016383099,1.4415576338,1.34569307042,1.69266580282,1.96223977465
18.04.02.12,1387,5.42706096976,5.78884958914,5.93346980854,2.46366666667,3.37471929825,7.45402625821,6.44974867257,1.45810269397,1.44418938578,1.43342828664,1.3440424569,1.70018092672,1.98560695043
19.04.02.12,1317,5.40845663385,5.82602554609,6.00499398315,2.42928,3.28606786427,7.44875874126,6.48752391073,1.49772574751,1.49312447398,1.45816533776,1.3518551495,1.72433194906,2.03742070875
20.04.02.12,1462,5.47006716776,5.90729986224,6.16356205853,2.54469565217,3.33036960986,7.59501877347,6.56038826575,1.47801772152,1.46961051336,1.48519894515,1.39763452883,1.71752148383,1.88753400141
21.04.02.12,1288,5.43282323615,5.83690595089,6.03101459111,2.47542056075,3.31357967667,7.56800829876,6.49905330151,1.49454202976,1.48515148778,1.48322274176,1.37694633369,1.70630074389,1.90459750266
22.04.02.12,1300,5.45439675058,5.85899140401,6.05386724836,2.46774509804,3.31609480813,7.50882703777,6.49234634852,1.46075044687,1.44970496524,1.44573118173,1.35738033764,1.6911642999,1.94614821251
23.04.02.12,1194,5.4240940902,5.77441772152,5.91329525483,2.57581081081,3.38871835443,7.50264150943,6.48681524083,1.4785721488,1.47655638767,1.45502432697,1.3580256975,1.69772535487,1.93291820852
0.07.02.12,942,5.44517976843,5.76392148404,5.90802312974,2.52955223881,3.3126875,7.42969230769,6.45273721032,1.45951081461,1.44549817416,1.43794536517,1.34626727528,1.70938504213,2.01975224719
1.07.02.12,695,5.4413748606,5.75116291979,5.88384509624,2.57468085106,3.40524940618,7.4476635514,6.47639977286,1.4507988214,1.43663970988,1.43007669991,1.34517679057,1.69201695376,2.0005225748
2.07.02.12,539,5.47446452779,5.81868336026,5.96924502402,2.49192982456,3.38691983122,7.45925925926,6.47089344262,1.42744325347,1.41499558638,1.39842105927,1.33137238335,1.6872740227,2.03388688525
3.07.02.12,479,5.49367239872,5.90791942605,6.1138099631,2.43777777778,3.39265625,7.39815217391,6.47814853556,1.38174110787,1.38393688047,1.37865291545,1.31325568513,1.67510685131,2.04319825073
4.07.02.12,519,5.49670149254,5.8792380523,6.05888807069,2.48692307692,3.27067039106,7.45230769231,6.48220525869,1.43947609819,1.42806899225,1.42044056848,1.3374373385,1.68763320413,2.04934315245
5.07.02.12,607,5.47369954621,5.86859680284,6.05516788321,2.51915254237,3.24052023121,7.44502415459,6.46196324144,1.42145871122,1.39821073986,1.39354439141,1.3230898568,1.68067016706,2.02559081146
6.07.02.12,672,5.47444330741,5.89448423511,6.1003483871,2.48530612245,3.34928571429,7.43137546468,6.49858197932,1.4363177521,1.41672478992,1.3986387605,1.33290430672,1.68858214286,2.01283130252
7.07.02.12,830,5.44695351137,5.84349906542,6.01951144094,2.4228125,3.259375,7.50174672489,6.46335247667,1.47814123711,1.46851896907,1.44068494845,1.36397113402,1.69234773196,1.94475412371
8.07.02.12,1222,5.44081935232,5.832305026,6.00415757576,2.47444444444,3.33360110803,7.45880952381,6.4601986755,1.45197397794,1.43526197274,1.41280681376,1.34576554186,1.69464944841,1.98928059701
9.07.02.12,1456,5.40957270928,5.77542711338,5.91743267504,2.45982142857,3.32131578947,7.51401812689,6.42573207385,1.47450274314,1.45430673317,1.44479046135,1.35179744389,1.68890087282,1.93786197007
10.07.02.12,1307,5.40658018059,5.81234478053,5.97014186977,2.4188372093,3.34549160671,7.46241847826,6.43947255575,1.48496529968,1.47352984227,1.45304321767,1.35493097792,1.70001167192,1.957409653
11.07.02.12,1352,5.41810682072,5.79243584759,5.93392720307,2.4293006993,3.27530571992,7.44025641026,6.44742095238,1.46379186519,1.443180767,1.44630127833,1.35486252179,1.68860313771,1.96797088902
12.07.02.12,1387,5.45596273292,5.81594517112,5.97091745843,2.49724137931,3.37105924596,7.42029574861,6.48607968694,1.43404564516,1.42260064516,1.42486096774,1.3346644086,1.68450973118,2.00224290323
13.07.02.12,1355,5.43589469437,5.79297438774,5.93518495873,2.44414634146,3.34354359926,7.42751677852,6.44649341142,1.4688307438,1.46315421488,1.44968429752,1.34623592287,1.69863504132,1.97202071625
14.07.02.12,1692,5.43374305439,5.81503375121,5.9762716763,2.4897810219,3.33588532884,7.45014705882,6.46358854653,1.44934509896,1.4430895853,1.42920711593,1.3391828935,1.6948871819,1.99301880302
15.07.02.12,1735,5.40769767442,5.77633054893,5.9261889332,2.4543715847,3.2803776435,7.43060714286,6.44903283582,1.46394056034,1.45974961207,1.44204383621,1.35200280172,1.70309689655,1.95819353448
16.07.02.12,1875,5.43331147783,5.78962282266,5.92742760181,2.42994791667,3.28247631935,7.44244299674,6.45842977452,1.46343904959,1.44853231405,1.44291714876,1.3514222314,1.71186669421,1.99946280992
17.07.02.12,2114,5.41205166861,5.76526849564,5.89051070142,2.51297435897,3.33985436893,7.43126110124,6.43011039795,1.46337493492,1.4578581257,1.45051937523,1.35070561547,1.69651093343,1.95259367795
18.07.02.12,2076,5.40691802639,5.7570047053,5.88400450635,2.51795081967,3.27453608247,7.418,6.45224245448,1.45290386421,1.44894669556,1.43964460094,1.33922665222,1.68257338389,1.9495335139
19.07.02.12,1958,5.40280477911,5.74561340349,5.87136231235,2.5190990991,3.28581481481,7.40737931034,6.44467013414,1.49237877517,1.48238276007,1.46847302852,1.35262458054,1.70681182886,1.94159244966
20.07.02.12,1798,5.41784290824,5.76119569658,5.89039610533,2.52767676768,3.32968632371,7.43114982578,6.43872649113,1.49317724979,1.4880009672,1.46817111018,1.35849179983,1.71195353238,1.9687970143
21.07.02.12,1642,5.4247455337,5.75770899108,5.8813018018,2.50382608696,3.27598494354,7.42165551839,6.45128191051,1.4775478836,1.4664031746,1.45623866843,1.35199880952,1.70815445326,1.98221265432
22.07.02.12,1512,5.42543544961,5.76785860956,5.89755501223,2.51459183673,3.31497890295,7.41865420561,6.44097366085,1.46326017296,1.446515066,1.4391980883,1.34763714156,1.70057005007,1.97863623122
23.07.02.12,1239,5.4547188775,5.78908928571,5.93752540347,2.55341040462,3.2672972973,7.43341513292,6.4685094948,1.46551550741,1.45665,1.44341208666,1.34294891676,1.70161254276,1.97129213227
0.06.02.12,1016,5.45542578217,5.82286025725,5.98553513514,2.55557894737,3.34200923788,7.48004705882,6.47428266439,1.46531856514,1.45117778477,1.4486907489,1.35291428571,1.6976778477,1.96656318439
1.06.02.12,680,5.43741832386,5.80094446292,5.94933406714,2.51474358974,3.32648026316,7.42021428571,6.47633179114,1.46196745731,1.44706812144,1.44468624288,1.34844165085,1.69819563567,1.96682305503
2.06.02.12,605,5.47247463696,5.84105529454,6.0309506833,2.58260869565,3.38063829787,7.45308641975,6.46107734807,1.42583720174,1.42198904555,1.4209664859,1.33709164859,1.68587711497,2.00066355748
3.06.02.12,572,5.43201581921,5.72405531749,5.81493474208,2.72852713178,3.26166134185,7.42207253886,6.43158179012,1.45280649351,1.43599779221,1.4244087013,1.33116857143,1.70160584416,1.98614272727
4.06.02.12,612,5.46796677585,5.84495644599,5.99206349206,2.66793650794,3.32548837209,7.4401,6.45666126418,1.44350713489,1.43015273133,1.39994604236,1.33528628763,1.70346477146,2.03186934225
5.06.02.12,598,5.46424841772,5.88762512768,6.08934372436,2.48647058824,3.34234482759,7.48751381215,6.4602141527,1.41061007958,1.39885981432,1.38943846154,1.32404655172,1.67474310345,2.03200212202
6.06.02.12,619,5.43720356234,5.79637996219,5.93246189024,2.51830508475,3.30181818182,7.4383030303,6.43092475068,1.45820164159,1.44372845417,1.44013679891,1.35155403557,1.68116087551,1.94309712722
7.06.02.12,784,5.46563890421,5.85574035813,6.02407427938,2.5487804878,3.40455696203,7.44008733624,6.42026164646,1.42618598485,1.41127007576,1.40196155303,1.32163106061,1.67068295455,2.03412301136
8.06.02.12,945,5.48843526003,5.87223687903,6.06990174185,2.48349206349,3.35363333333,7.42927536232,6.49015987622,1.44599389601,1.43414822909,1.42361205727,1.33112125094,1.69218914846,2.04648658628
9.06.02.12,1143,5.43239174152,5.82577449947,6.01347204161,2.41044776119,3.34539634146,7.39433048433,6.45567963618,1.44950623671,1.44442367116,1.42424805103,1.33708362863,1.68437236003,1.97247051736
10.06.02.12,1301,5.44128616997,5.85105239688,6.03459861969,2.48864197531,3.33682666667,7.45444717445,6.46002523129,1.43838695652,1.42507550521,1.4290882425,1.33414972443,1.6753995101,1.9914854256
11.06.02.12,1439,5.45053326713,5.84194923281,6.01453563715,2.4962601626,3.31482105263,7.50861111111,6.47815256688,1.4460299557,1.43640570321,1.43506101883,1.33782109635,1.70467043189,2.04620996678
12.06.02.12,1400,5.43982369743,5.81451057458,5.977790945,2.47889830508,3.31866927593,7.50468686869,6.46657194245,1.45232615039,1.43734556678,1.43722581369,1.33525925926,1.69437575758,1.97103866442
13.06.02.12,1494,5.42212484237,5.80655028661,5.97057409502,2.46871428571,3.30456989247,7.44822134387,6.47011417058,1.46176791688,1.45184505829,1.44680816016,1.34785012671,1.69544546376,1.99458114546
14.06.02.12,1561,5.45080103989,5.8526414801,6.04509211873,2.45570422535,3.30219030521,7.49491577335,6.5010146225,1.45489439788,1.4466584914,1.45219700044,1.35820454345,1.69469488311,1.95252421703
15.06.02.12,1659,5.41833554325,5.77589404956,5.91301122499,2.46724719101,3.29429608128,7.4421978022,6.4422851276,1.45584364835,1.44629582418,1.44674567033,1.34802747253,1.68844369231,1.95621863736
16.06.02.12,1741,5.44504913564,5.80527229044,5.96067239859,2.42856410256,3.28690909091,7.41773472429,6.46099712117,1.44816514308,1.43890468998,1.44479101749,1.34400206677,1.69317197933,1.98460155008
17.06.02.12,1933,5.41849141945,5.76290983607,5.89699691675,2.51497630332,3.33042973287,7.44368960469,6.4488986014,1.46438880918,1.45270294118,1.44531549498,1.34291230273,1.70360853659,1.99678195839
18.06.02.12,1783,5.40693934168,5.74575119349,5.86516366989,2.50401746725,3.27316645807,7.40728171334,6.45035885843,1.47439200639,1.46681530775,1.45361546763,1.35002270184,1.71002002398,1.96102078337
19.06.02.12,1606,5.40768258762,5.74632083825,5.86234856008,2.5572,3.34408602151,7.41700197239,6.43286845311,1.49855871325,1.48450536856,1.47577362591,1.36343446954,1.71909224542,1.96557916489
20.06.02.12,1527,5.41703911497,5.74866958425,5.8707217497,2.49508379888,3.34517509728,7.42317708333,6.4530173445,1.47755260483,1.46742465057,1.46238852181,1.35276831851,1.69707746717,1.9522690809
21.06.02.12,1568,5.42166478828,5.74516209112,5.86674042351,2.50488888889,3.34817602041,7.44163375224,6.4442644048,1.48268220416,1.46704241192,1.46005925926,1.35448495935,1.71183721771,1.94843794038
22.06.02.12,1536,5.42130051656,5.72517883655,5.84807649295,2.51446808511,3.39069634703,7.44867003367,6.44687065369,1.47655141267,1.4615223887,1.45369409247,1.3528588613,1.70347337329,1.97532444349
23.06.02.12,1313,5.45123471074,5.76001436369,5.89932050368,2.54935897436,3.44799752781,7.45624233129,6.48259117647,1.44725333333,1.43207347518,1.42353853428,1.32939612293,1.68671621749,1.99474061466
0.03.02.12,972,5.42501704822,5.76981235698,5.91736234116,2.56246031746,3.31323394495,7.42630372493,6.44276723739,1.4487139923,1.42979897304,1.43130738126,1.34516976893,1.68650449294,1.9587508344
1.03.02.12,808,5.46663008688,5.82860296172,5.99137883646,2.45162790698,3.29231707317,7.45358895706,6.46862533693,1.45954866264,1.44079948231,1.41974969802,1.33574814495,1.70485496117,1.99530716135
2.03.02.12,643,5.48919139614,5.87400514895,6.05910071942,2.47796610169,3.32178571429,7.450433213,6.48372576177,1.42382347041,1.41494072217,1.41072547643,1.33104573721,1.68908304915,2.02939418255
3.03.02.12,665,5.48109986505,5.89564502164,6.09962780899,2.3998,3.2701744186,7.42464566929,6.48833865815,1.41260525232,1.40970597322,1.37963800206,1.2961807415,1.67753182286,1.98162234809
4.03.02.12,627,5.5165393627,5.93394305436,6.14506520247,2.51459459459,3.3750931677,7.46396761134,6.48917438272,1.37644697337,1.37562590799,1.36759552058,1.30164140436,1.66972215496,2.04846077482
5.03.02.12,645,5.5370775821,5.92767164179,6.14398876404,2.48714285714,3.39161290323,7.46262711864,6.48017336485,1.40312252252,1.38727979408,1.3784960103,1.32116344916,1.67384157014,2.01810694981
6.03.02.12,745,5.47549421555,5.84786775631,6.02288723668,2.36412698413,3.28788793103,7.45689243028,6.48201881331,1.42916773836,1.40851407982,1.41519456763,1.33670011086,1.68866297118,2.01561884701
7.03.02.12,946,5.45410647737,5.86566608696,6.05776720761,2.47428571429,3.34732217573,7.44955017301,6.47624031008,1.44092535971,1.43315071942,1.42107194245,1.33413129496,1.67556142086,1.96348390288
8.03.02.12,1052,5.47831443792,5.87236493374,6.04246,2.43855421687,3.3192722372,7.57440389294,6.51700328793,1.4390154345,1.4311804799,1.43519345006,1.34023242542,1.68559409857,2.00052898833
9.03.02.12,1254,5.46123489609,5.87947675777,6.07314945956,2.53303797468,3.3747826087,7.48617647059,6.50209071274,1.44759081016,1.44137182588,1.43074081016,1.33982363966,1.68100779927,1.97165683192
10.03.02.12,1388,5.47221590221,5.88034848835,6.06660530191,2.51428571429,3.37708571429,7.47653465347,6.46446322908,1.4336285806,1.42355324342,1.41681586384,1.33182864483,1.67771130379,2.0001911368
11.03.02.12,1456,5.49197629288,5.88771102955,6.08447563233,2.460125,3.37255050505,7.46924892704,6.46182009838,1.4504112628,1.43937207053,1.43327070535,1.34520614334,1.68627457338,2.00236763367
12.03.02.12,1405,5.4515452913,5.83554421769,5.99854371921,2.51474452555,3.29971659919,7.49968316832,6.48264705882,1.45660434057,1.44663071786,1.43828875904,1.34401613801,1.69177523651,1.98023405676
13.03.02.12,1423,5.42452264879,5.77489280245,5.90007133995,2.41438016529,3.37996545769,7.45922727273,6.451731569,1.46659542234,1.44689553134,1.43701029973,1.34464223433,1.68457128065,1.94198702997
14.03.02.12,1287,5.44052493162,5.81861222045,5.97946243523,2.45333333333,3.34481798715,7.43246305419,6.44889355208,1.45455976365,1.44694226224,1.44256775464,1.3456922341,1.69168289252,1.95761963984
15.03.02.12,1459,5.45789291568,5.83165076661,6.00475644699,2.50442622951,3.33087378641,7.48773809524,6.4676302521,1.43463303275,1.42203488372,1.42397911723,1.33600854295,1.68283512103,1.97045747508
16.03.02.12,1569,5.42690051127,5.77640879608,5.90743743483,2.3437,3.21763277693,7.44224043716,6.46537928864,1.45350163704,1.4378339102,1.4425251637,1.34720921422,1.69601936389,1.98473648269
17.03.02.12,1460,5.45365957055,5.80415553677,5.96028965129,2.42872093023,3.22581850534,7.46190019194,6.4735738143,1.44926666667,1.4372874613,1.43824927761,1.3385749226,1.69583679051,1.98027285862
18.03.02.12,1435,5.41939923649,5.79844590672,5.95424661843,2.38474358974,3.2207495069,7.47144373673,6.47291541916,1.47649488017,1.47097745098,1.44254449891,1.34295141612,1.69887429194,1.96234820261
19.03.02.12,1532,5.42534886036,5.7681952825,5.9270659775,2.46907142857,3.30012280702,7.42310606061,6.4777675616,1.49153588332,1.47762751789,1.47289587232,1.36219097413,1.71281755641,1.95569994496
20.03.02.12,1375,5.39837671079,5.7364969493,5.86438964673,2.40713178295,3.29018867925,7.44023498695,6.45018892228,1.48515211353,1.46828496377,1.46477693237,1.34976376812,1.68980555556,1.92058907005
21.03.02.12,1224,5.40692317271,5.76100567913,5.88958527132,2.46315789474,3.37285714286,7.41590643275,6.44872572241,1.50140790569,1.48600159501,1.46962884882,1.35415554785,1.70884313454,1.96935097087
22.03.02.12,1219,5.41266761457,5.76384392465,5.89907101986,2.48114754098,3.33095419847,7.46401002506,6.44900694728,1.49805087515,1.48511592765,1.47530151692,1.36931388565,1.70857712952,1.94600991832
23.03.02.12,1110,5.41353530997,5.72109189819,5.84776397516,2.43192857143,3.35112436116,7.42563131313,6.44061488673,1.47085298088,1.46688616423,1.47366231721,1.36025961755,1.69943194601,1.93946917885
0.31.01.12,858,5.44940108192,5.77521527778,5.91480046494,2.52969230769,3.29129464286,7.43605479452,6.46582278481,1.47554599428,1.45866402003,1.4535546495,1.35681773963,1.70792703863,2.00702124464
1.31.01.12,707,5.47600485044,5.80892703863,5.9755036855,2.54760416667,3.28022012579,7.40825657895,6.47468841002,1.41606414273,1.40604160139,1.3950694517,1.32157275892,1.66882863359,1.9868564839
2.31.01.12,500,5.46847944143,5.81591014358,5.9805254902,2.45083333333,3.33663265306,7.39393617021,6.46078776645,1.43077965616,1.43068452722,1.41531747851,1.32693911175,1.68650830946,1.99679412607
3.31.01.12,494,5.43652128493,5.79971315529,5.9694892916,2.431,3.23335106383,7.42341968912,6.47084795322,1.41842189679,1.40906945607,1.41125467225,1.34007364017,1.67877670851,1.9950097629
4.31.01.12,598,5.49335198135,5.87301011804,6.06560142349,2.65529411765,3.19469512195,7.45257425743,6.44499597099,1.41181633166,1.39856243719,1.37956080402,1.31880389447,1.6864201005,2.03125552764
5.31.01.12,592,5.46982812127,5.85007498897,6.02645786726,2.5664516129,3.24837988827,7.45177083333,6.45440619621,1.43000748731,1.42136751269,1.40256015228,1.32106497462,1.67221941624,1.95915634518
6.31.01.12,684,5.51467417716,5.90451574332,6.0995134443,2.62234042553,3.35579545455,7.48161849711,6.44792207792,1.45309285714,1.44733743842,1.41001576355,1.31962389163,1.67643337438,1.93929568966
7.31.01.12,904,5.49115682339,5.85767208043,6.04418473547,2.49240506329,3.33082802548,7.44275,6.47189257028,1.44598959311,1.43955391236,1.41612496088,1.33490328638,1.68872370892,2.00012081377
8.31.01.12,1032,5.47071439224,5.84563940724,6.02946935041,2.45974025974,3.36205438066,7.50595108696,6.50543396226,1.4217552504,1.42076930533,1.40424846527,1.32734321486,1.65928384491,2.02746421648
9.31.01.12,1209,5.43014652015,5.82010284035,5.98359293456,2.48465346535,3.31246648794,7.49513043478,6.45400377715,1.4435164557,1.43149901547,1.41718853727,1.33623291139,1.66750731364,1.94283558368
10.31.01.12,1433,5.42874397722,5.82773404255,6.00313344887,2.55862068966,3.3937587007,7.43574519231,6.46142216789,1.45569318735,1.44144890511,1.42391733577,1.33911423358,1.68328485401,1.952506691
11.31.01.12,1535,5.44403994553,5.80746833305,5.97559383754,2.60395348837,3.31684300341,7.47971978984,6.49772117962,1.42678469185,1.42044229622,1.437227833,1.33749095427,1.69623677932,2.01538931412
12.31.01.12,1595,5.43781951603,5.82861776193,6.01037857543,2.56909090909,3.38661682243,7.51209647495,6.47349719565,1.43836437848,1.43606498145,1.43809536178,1.33860371058,1.68850394249,1.97956071429
13.31.01.12,1522,5.42357942837,5.78516556291,5.94885826772,2.48664233577,3.3261634103,7.41383697813,6.44220180421,1.45425837127,1.45062180071,1.44133252403,1.34492610015,1.68541755185,1.94936747597
14.31.01.12,1717,5.46771192581,5.81511928041,5.99466576637,2.45036458333,3.26090236686,7.44785597381,6.48524820812,1.44303518519,1.43130327029,1.43304696612,1.34397714736,1.68004590229,1.96693144208
15.31.01.12,1600,5.44722312704,5.81519847909,5.99283216783,2.48120567376,3.32807757167,7.46586330935,6.4560979185,1.42637170404,1.41960717489,1.42683313901,1.33776399103,1.68938044843,1.98769121076
16.31.01.12,1818,5.4428018174,5.81951404185,5.985012435,2.49136054422,3.36362831858,7.42979527559,6.45959145527,1.45041736334,1.44347190514,1.4355482717,1.33858713826,1.69313448553,1.97629686495
17.31.01.12,2089,5.46311501996,5.8536825474,6.02806674566,2.49590361446,3.3373944687,7.45040595399,6.45038610921,1.44856956974,1.43273317141,1.43019944483,1.33825086745,1.68193160999,1.97264153366
18.31.01.12,1754,5.45819851267,5.82595332954,5.98883321735,2.6052,3.35445652174,7.44180623974,6.4514835015,1.46515091063,1.45142562474,1.44460072003,1.34543337569,1.70814362558,1.98325942397
19.31.01.12,1704,5.43503372354,5.78640011589,5.93636996161,2.51329341317,3.31969432314,7.43327759197,6.45278942833,1.46704965248,1.45562628149,1.44576611642,1.34705152042,1.69982858384,1.97685516942
20.31.01.12,1689,5.44731921284,5.78269588884,5.93085186052,2.49079754601,3.32037572254,7.40776173285,6.43530578051,1.46685188799,1.44774849385,1.44479843021,1.3429754773,1.71031463725,1.97883470513
21.31.01.12,1853,5.43959837516,5.76655180608,5.90196232339,2.52815789474,3.31914578588,7.4093255132,6.43958985301,1.45862566064,1.4526827886,1.44566693324,1.34049582754,1.6972060153,1.96292301808
22.31.01.12,1766,5.41449693845,5.73525505294,5.8549791211,2.57392996109,3.33748414376,7.4054962963,6.43826353172,1.45070191061,1.44153691573,1.4371451723,1.33546458547,1.69056277721,1.97104735585
23.31.01.12,1526,5.43133609223,5.74215016611,5.86654851573,2.54046025105,3.29789600967,7.40072487644,6.44270138324,1.47193176015,1.45501439072,1.45994738878,1.35588831721,1.7069162089,1.97175837524
0.01.02.12,1064,5.45680245716,5.7950039116,5.93172120629,2.54156862745,3.28807471264,7.47865566038,6.46350674374,1.45992232813,1.4488681398,1.45809300982,1.35225774119,1.71520883882,2.01292807626
1.01.02.12,761,5.4684440983,5.81809299403,5.96545360021,2.62119047619,3.31948096886,7.41416829746,6.4332945855,1.43610043956,1.43193538462,1.41771103297,1.34121367033,1.69074892308,1.97717692308
2.01.02.12,604,5.46310882478,5.82527557532,5.97139314845,2.32868965517,3.19282511211,7.42464367816,6.44456662848,1.45051919364,1.43945457127,1.42564826803,1.3408032368,1.70608131743,2.0237608745
3.01.02.12,591,5.49830089733,5.89608705067,6.08068439716,2.44226086957,3.27047619048,7.49545617174,6.51567977068,1.411777715,1.40619962335,1.38886202134,1.32305059636,1.73110439422,2.09291198996
4.01.02.12,602,5.50229583788,5.92527655635,6.14735813604,2.43626666667,3.31739463602,7.4505060241,6.45511666667,1.38518897959,1.38170419825,1.3761858309,1.3188651312,1.69392973761,2.07508793003
5.01.02.12,657,5.50020587527,5.90018280298,6.12077969842,2.35791044776,3.32545454545,7.4454679803,6.44937114673,1.39216850932,1.38556236025,1.38179919255,1.31129546584,1.66664285714,2.03896018634
6.01.02.12,769,5.49068745498,5.90131147541,6.10481411468,2.44351351351,3.35161290323,7.50802494802,6.47033547466,1.43836297283,1.42950548748,1.41029078316,1.33519722962,1.66149904102,1.96618407033
7.01.02.12,1063,5.47050855052,5.89438963334,6.09133238502,2.45755725191,3.29030549898,7.43761689291,6.46034343976,1.43625358449,1.42748690563,1.40373752743,1.33627783467,1.69474356255,2.02017534748
8.01.02.12,1335,5.47971557084,5.90694860537,6.10005166357,2.44063063063,3.33882681564,7.47582132565,6.44472338447,1.43017606228,1.41334625365,1.41173603633,1.33212757055,1.69342786247,2.00002296464
9.01.02.12,1394,5.47211693548,5.86642510121,6.04308207171,2.4675,3.36104607721,7.45212399541,6.4366630117,1.4194296173,1.40261042707,1.41062457016,1.33613652246,1.69395640599,2.02117576262
10.01.02.12,1684,5.47651991223,5.89386636771,6.08227181111,2.49,3.39083231334,7.43537688442,6.44104258443,1.42454619165,1.409655086,1.40762009828,1.33037351351,1.70224823096,1.99836572482
11.01.02.12,1826,5.47109055011,5.85028559127,6.03028922205,2.40464285714,3.3363973064,7.4434762634,6.46971577647,1.42807527361,1.42296003243,1.43558790028,1.33772920551,1.70381370085,2.01824904743
12.01.02.12,1606,5.44059905959,5.82448879979,5.98766429588,2.45735159817,3.35730434783,7.4559623431,6.44177981651,1.45117054205,1.43710876393,1.44206811044,1.34689189463,1.69593465046,1.98554860689
13.01.02.12,1707,5.44272668,5.8123257157,5.98480273973,2.35243027888,3.30893093661,7.42880392157,6.43785359603,1.42262901429,1.41608372487,1.41578113345,1.32673133931,1.68067195447,1.98759752967
14.01.02.12,1598,5.48579892688,5.86634981624,6.05308611455,2.47076923077,3.32953464323,7.47341704036,6.47020272411,1.42209750309,1.40894360939,1.4120455377,1.32902702101,1.69035948084,2.03718331273
15.01.02.12,1746,5.46745893422,5.82414253742,5.97685521655,2.46698060942,3.284234375,7.4195777027,6.43817962789,1.44237534049,1.43578621544,1.4380864837,1.33777936442,1.68100959554,1.98879349979
16.01.02.12,2616,5.48079277315,5.88295381202,6.05050931478,2.50005235602,3.46104632153,7.46019927536,6.49575524738,1.44534865967,1.4364076486,1.42106742424,1.32450422494,1.70689227855,1.9666708042
17.01.02.12,4249,5.50572582968,5.92077671631,6.11598546347,2.48816608997,3.4354989075,7.47113793103,6.51510790587,1.42376493211,1.41201191967,1.41336956663,1.32146345231,1.68289177982,1.9534348321
18.01.02.12,2704,5.48462788456,5.87648582625,6.06612251628,2.48445682451,3.35368956743,7.43861139896,6.47001989202,1.42159412442,1.41000057604,1.41103184044,1.32220698445,1.69016022465,2.00077098214
19.01.02.12,3506,5.41775653738,5.80966508733,5.95580045385,2.53225653207,3.38129953917,7.44267346939,6.44197806979,1.47760624012,1.46502579978,1.4521579005,1.34831025423,1.67335765722,1.89379388152
20.01.02.12,2334,5.45583147758,5.82857877006,5.98458089669,2.55619565217,3.37368581907,7.42949640288,6.45206741819,1.462672555,1.44519277341,1.4376977999,1.34071220491,1.69860383812,1.96864910872
21.01.02.12,2244,5.46508463817,5.83253307917,5.99613238512,2.55493573265,3.36678211587,7.42280288147,6.44127185501,1.43585799905,1.41835612811,1.41859836689,1.32261488822,1.68980155383,1.9788102743
22.01.02.12,2181,5.48302571955,5.83431782511,6.00827153558,2.49681012658,3.30838797814,7.40383368569,6.43715928819,1.45922133008,1.43201111887,1.42872998778,1.34256226217,1.6956276488,1.96043290278
23.01.02.12,1580,5.45119366817,5.78575037147,5.93889761053,2.58162962963,3.32712440517,7.40839910648,6.47309093437,1.45482352338,1.43441546349,1.43093008614,1.34040342494,1.69672723544,2.00263305989
0.01.02.12,1064,5.4554937182,5.79304110106,5.92864354289,2.53289308176,3.2855801105,7.4719047619,6.46296351452,1.46025977716,1.44888785515,1.45780189415,1.35208785515,1.71560367688,2.0097464624
1.01.02.12,761,5.47357859532,5.82902020482,5.98197080292,2.61827956989,3.32065217391,7.42086666667,6.44022994652,1.43574561538,1.43024046154,1.41423161538,1.33950215385,1.69307569231,1.983988
2.01.02.12,604,5.46553237552,5.8323018732,5.98228070175,2.31763157895,3.19289361702,7.42330508475,6.44455571227,1.44876649104,1.43596248683,1.42537175975,1.3400886196,1.70342718651,2.01908229715
3.01.02.12,591,5.49901812689,5.8974368231,6.08270874425,2.43442622951,3.27123762376,7.4978,6.51327520849,1.41265034884,1.40651860465,1.3899144186,1.32345313953,1.73285511628,2.09522639535
4.01.02.12,602,5.50726997438,5.92968653422,6.15369627507,2.42789473684,3.32253731343,7.44903225806,6.45431061807,1.38390395034,1.38078284424,1.37622562077,1.31991444695,1.69421264108,2.07933634312
5.01.02.12,657,5.5024057844,5.90617283951,6.12758344459,2.38486486486,3.32812903226,7.44362831858,6.45067758749,1.3898258427,1.38416393258,1.38022808989,1.30925685393,1.66473,2.04149910112
6.01.02.12,769,5.49345553822,5.90342056764,6.10534165181,2.4285,3.34614213198,7.511015625,6.47113055182,1.43613427992,1.4267693712,1.41022505071,1.33364513185,1.66059097363,1.96613255578
7.01.02.12,1063,5.46946838276,5.89745152355,6.09555852247,2.45676470588,3.29865384615,7.44282485876,6.46153497735,1.43450869565,1.42618516218,1.40226342305,1.33525603865,1.69254837819,2.01798398896
8.01.02.12,1335,5.4798688843,5.90751539555,6.10279087453,2.4493442623,3.33910652921,7.47725593668,6.44662676357,1.4310892151,1.41426812463,1.41155434392,1.33151408029,1.69213816657,1.99421965249
9.01.02.12,1394,5.47023184385,5.86539685547,6.04493723849,2.46731182796,3.36213615023,7.45023706897,6.43633219178,1.41938184647,1.40238184647,1.41066986515,1.33568158714,1.69278397303,2.01923070539
10.01.02.12,1684,5.47349477441,5.89058236545,6.07894390308,2.49409090909,3.38357142857,7.43551851852,6.43950731562,1.42528132855,1.40993352783,1.40810659785,1.33051364452,1.70211638241,1.996444614
11.01.02.12,1826,5.47082104786,5.84854484399,6.02700253048,2.40370629371,3.33890701468,7.44348802395,6.46829941082,1.42869893154,1.42336042738,1.43668947368,1.33912718639,1.70527123071,2.01993233083
12.01.02.12,1606,5.4421684104,5.82480401685,5.99043685465,2.46823529412,3.35349637681,7.4543359375,6.44178294574,1.45346576705,1.44056089015,1.44406969697,1.34835890152,1.69771472538,1.98348830492
13.01.02.12,1707,5.44309781743,5.81161411978,5.9838602664,2.35889705882,3.30963414634,7.42368613139,6.43466960352,1.42196319073,1.4151885918,1.41531991979,1.32554973262,1.68031818182,1.98912602496
14.01.02.12,1598,5.485811409,5.8677339069,6.05523364486,2.4674789916,3.33275334608,7.47649006623,6.46962747381,1.42051698456,1.40838792007,1.4113924614,1.32852938238,1.6904462307,2.03832929155
15.01.02.12,1746,5.46281100734,5.819125924,5.97128929482,2.46751295337,3.29007173601,7.41860759494,6.43721017203,1.44497333846,1.43815009604,1.44103887822,1.33936619285,1.68147184018,1.98463384556
16.01.02.12,2616,5.48146237298,5.88549746727,6.05339839613,2.504,3.46497414685,7.46217021277,6.49703651188,1.44525280837,1.43646035242,1.41993504956,1.32336720815,1.70548962004,1.96451676762
17.01.02.12,4249,5.50531038199,5.92064465933,6.11534982332,2.48814332248,3.43991174474,7.47018937644,6.51556514675,1.42345108745,1.41179746008,1.41285531559,1.32125113308,1.68334044106,1.95487826616
18.01.02.12,2704,5.48478993649,5.87627019499,6.06602019289,2.48836734694,3.35737875289,7.44372530574,6.47255112652,1.42374736704,1.41165982096,1.41219757767,1.3228437862,1.69166872038,1.99973788836
19.01.02.12,3506,5.41703939915,5.80843123996,5.95550406179,2.52755555556,3.38478077572,7.44081208687,6.437692551,1.4784949621,1.46600691039,1.45311865805,1.34889971021,1.67427926884,1.89266226037
20.01.02.12,2334,5.45553384469,5.82867800213,5.98543399482,2.5669,3.374375,7.43089805825,6.45292777213,1.46150344518,1.44440808868,1.43610847813,1.34049301977,1.69840802876,1.96774131216
21.01.02.12,2244,5.46407706788,5.83153521851,5.99438420348,2.55218009479,3.36381944444,7.41936816525,6.43898669797,1.43779557239,1.41950748616,1.4195351005,1.32347990096,1.69058150306,1.97741252549
22.01.02.12,2181,5.48313125726,5.83629364369,6.01220322099,2.50624434389,3.31159118727,7.4014764268,6.43602189781,1.45684128753,1.43085722686,1.42718139895,1.3417629836,1.69551231817,1.96241414423
23.01.02.12,1580,5.44978918686,5.78362219046,5.93626723224,2.5831797235,3.335,7.40636237898,6.47102019944,1.45538496806,1.43560435926,1.43072856069,1.34076354754,1.69744862834,2.003573882
